comment_id,text,target,sentiment,opinion_span,intensity,aspect
Ugw1lztNHWo_FMA1nH14AaABAg,Bài Hiếu Thứ Hai là hay nhất đợt 1:49:09  solo 1 này rồi từ nghe bắt tai bố trí bố cục bài nghe đi nghe lại hoài vẫn rất hay🎉🎉🎉. Bài Ry về nhạc thì mình cảm thấy không đc bắt tai nhưng vì trong bài Ry thể hiện nhiều tài năng tài lẻ mang vào bài.,Hiếu Thứ Hai,positive,bài Hiếu Thứ Hai là hay nhất đợt,strong,SONG
Ugw1lztNHWo_FMA1nH14AaABAg,Bài Hiếu Thứ Hai là hay nhất đợt 1:49:09  solo 1 này rồi từ nghe bắt tai bố trí bố cục bài nghe đi nghe lại hoài vẫn rất hay🎉🎉🎉. Bài Ry về nhạc thì mình cảm thấy không đc bắt tai nhưng vì trong bài Ry thể hiện nhiều tài năng tài lẻ mang vào bài.,Ry,negative,bài Ry về nhạc thì mình cảm thấy không đc bắt tai,mild,SONG
Ugw1lztNHWo_FMA1nH14AaABAg,Bài Hiếu Thứ Hai là hay nhất đợt 1:49:09  solo 1 này rồi từ nghe bắt tai bố trí bố cục bài nghe đi nghe lại hoài vẫn rất hay🎉🎉🎉. Bài Ry về nhạc thì mình cảm thấy không đc bắt tai nhưng vì trong bài Ry thể hiện nhiều tài năng tài lẻ mang vào bài.,Ry,positive,thể hiện nhiều tài năng tài lẻ mang vào bài,strong,PERFORMANCE
Ugw-Zr_K0iFtQi5qSYp4AaABAg,Team HIEUTHUHAI đẹp trai,Team HIEUTHUHAI,positive,đẹp trai,strong,GENERAL
Ugw0Yg1kQLXLNxK5Rt94AaABAg,Ui xem đoạn đức phúc mở màn mà nổi da gà😞 quáaaaaa đỉnhhhhhh ạ,Đức Phúc,positive,đỉnhhhhhh,strong,PERFORMANCE
Ugw4GTsSGeFoTwq9DCl4AaABAg,Hurrykang lần này bứt phá thật sự thêm Negav viết rap rất hay. Nói chung team anh Xái đỉnh chóp nha. Ngân Nga mãi đỉnh,Hurrykang,positive,bứt phá thật sự,strong,GENERAL
Ugw4GTsSGeFoTwq9DCl4AaABAg,Hurrykang lần này bứt phá thật sự thêm Negav viết rap rất hay. Nói chung team anh Xái đỉnh chóp nha. Ngân Nga mãi đỉnh,Negav,positive,viết rap rất hay,moderate,PERFORMANCE
Ugw4GTsSGeFoTwq9DCl4AaABAg,Hurrykang lần này bứt phá thật sự thêm Negav viết rap rất hay. Nói chung team anh Xái đỉnh chóp nha. Ngân Nga mãi đỉnh,team anh Xái,positive,team anh Xái đỉnh chóp nha,strong,TEAMWORK
Ugw5Bhlxhbl-YiEcgAt4AaABAg,Sao lúc này Dương ít nói kiểu im im nghiêm nghiêm z nhỉ. Giờ nhìn hài hài sao á,Dương,neutral,giờ nhìn hài hài sao á,moderate,PERSONALITY
Ugw5Bhlxhbl-YiEcgAt4AaABAg,Sao lúc này Dương ít nói kiểu im im nghiêm nghiêm z nhỉ. Giờ nhìn hài hài sao á,Dương,neutral,ít nói kiểu im im nghiêm nghiêm,moderate,PERSONALITY
Ugw5TjeoVBpG0379g754AaABAg,"hydra với dlow tập sau tóc nhìn xấu quá,còn tez thì tóc xấu vcl ,double2t nhìn tự tin v ngẩng cao đầu",hydra,negative,tóc nhìn xấu quá,strong,VISUAL
Ugw5TjeoVBpG0379g754AaABAg,"hydra với dlow tập sau tóc nhìn xấu quá,còn tez thì tóc xấu vcl ,double2t nhìn tự tin v ngẩng cao đầu",double2t,positive,nhìn tự tin v ngẩng cao đầu,strong,PERFORMANCE
Ugw5TjeoVBpG0379g754AaABAg,"hydra với dlow tập sau tóc nhìn xấu quá,còn tez thì tóc xấu vcl ,double2t nhìn tự tin v ngẩng cao đầu",tez,negative,tóc xấu vcl,strong,VISUAL
Ugw5TjeoVBpG0379g754AaABAg,"hydra với dlow tập sau tóc nhìn xấu quá,còn tez thì tóc xấu vcl ,double2t nhìn tự tin v ngẩng cao đầu",dlow,negative,tóc nhìn xấu quá,strong,VISUAL
Ugw6zYQ4SIjepgzDBWB4AaABAg,Hiếu trễ nhưng rất thông minh và biết tính toán. Quá sáng suốt ❤!!,Hiếu,negative,trễ,mild,GENERAL
Ugw6zYQ4SIjepgzDBWB4AaABAg,Hiếu trễ nhưng rất thông minh và biết tính toán. Quá sáng suốt ❤!!,Hiếu,positive,rất thông minh và biết tính toán,strong,PERSONALITY
Ugw6zYQ4SIjepgzDBWB4AaABAg,Hiếu trễ nhưng rất thông minh và biết tính toán. Quá sáng suốt ❤!!,Hiếu,positive,sáng suốt,strong,PERSONALITY
UgwAh0cudmNLkFWNU-d4AaABAg,đối với mình bài rap của Alen hay nhất từ tập 1 đến giờ mình nghe.Bài hát rất rất hay và đầy ý nghĩa và chắc chắn k chỉ mình thấy như vậy.Thật tiếc cho một nhân tài và cũng chẳng hiểu nổi khán giả vote kiểu gì nữa.Thất Vọng thật sự! Respect for Megashock,Alen,positive,hay nhất,strong,SONG
UgwBPlat47GZD8JY8q14AaABAg,DT2 xứng đáng mà. Mà ai top9 cg xứng đáng quá luôn,DT2,positive,xứng đáng mà,strong,GENERAL
UgwBPlat47GZD8JY8q14AaABAg,DT2 xứng đáng mà. Mà ai top9 cg xứng đáng quá luôn,top9,positive,xứng đáng quá luôn,strong,GENERAL
UgwBdzmk2gRZSSFe-7x4AaABAg,Dương Domic đẹp zai quá 😅,Dương Domic,positive,đẹp zai quá,strong,PERSONALITY
UgwH8lr3KCsWJGO-Fxh4AaABAg,"Ôi Lâm Bảo Ngọc với team Quân AP mn quá đỉnh, xem nổi da gà mà còn tua lại mấy lần 🥰",Lâm Bảo Ngọc,positive,quá đỉnh,strong,GENERAL
UgwH8lr3KCsWJGO-Fxh4AaABAg,"Ôi Lâm Bảo Ngọc với team Quân AP mn quá đỉnh, xem nổi da gà mà còn tua lại mấy lần 🥰",Lâm Bảo Ngọc với team Quân AP,positive,mn quá đỉnh,strong,TEAMWORK
UgwHwBprt65X0Is9Q9V4AaABAg,"bài của Liu mình nghe nổi da gà, quá hay quá xứng đáng, Hurrykng cũng xứng đáng vào vòng trong không kém, nhưng tiêu chí chương trình là ra quốc tế nên LG vào là đúng, còn HurryKng chắc sẽ có nón vàng thôi.",Hurrykng,positive,Hurrykng cũng xứng đáng vào vòng trong không kém,moderate,GENERAL
UgwHwBprt65X0Is9Q9V4AaABAg,"bài của Liu mình nghe nổi da gà, quá hay quá xứng đáng, Hurrykng cũng xứng đáng vào vòng trong không kém, nhưng tiêu chí chương trình là ra quốc tế nên LG vào là đúng, còn HurryKng chắc sẽ có nón vàng thôi.",LG,positive,tiêu chí chương trình là ra quốc tế nên LG vào là đúng,moderate,GENERAL
UgwHwBprt65X0Is9Q9V4AaABAg,"bài của Liu mình nghe nổi da gà, quá hay quá xứng đáng, Hurrykng cũng xứng đáng vào vòng trong không kém, nhưng tiêu chí chương trình là ra quốc tế nên LG vào là đúng, còn HurryKng chắc sẽ có nón vàng thôi.",Liu,positive,"bài của Liu mình nghe nổi da gà, quá hay quá xứng đáng",strong,SONG
UgwIR5sT0JHroVXtO0R4AaABAg,"Tui coi ATSH cừi mún xỉu , thấy mấy anh rất là dthuong kiểu làm gì cx thấy duyên cơ . Đến khi mà thấy có ctrinh EXSH tui hào hứng dữ lắm mà đến bây giờ tui chỉ coi đúng tập 1 thôi à , mà thấy kiểu coi thấy mấy chị cứ sượng sượng sao á . Nói chung là kiểu tui lại thấy ATSH vuii hơn với nhạc hay hơn ý(ykr mong mng kh toxic)",ATSH,positive,kiểu tui lại thấy ATSH vuii hơn,strong,GENERAL
UgwIR5sT0JHroVXtO0R4AaABAg,"Tui coi ATSH cừi mún xỉu , thấy mấy anh rất là dthuong kiểu làm gì cx thấy duyên cơ . Đến khi mà thấy có ctrinh EXSH tui hào hứng dữ lắm mà đến bây giờ tui chỉ coi đúng tập 1 thôi à , mà thấy kiểu coi thấy mấy chị cứ sượng sượng sao á . Nói chung là kiểu tui lại thấy ATSH vuii hơn với nhạc hay hơn ý(ykr mong mng kh toxic)",EXSH,negative,chỉ coi đúng tập 1,mild,GENERAL
UgwKCfINRkGFVvB91XN4AaABAg,ISAAC ơi anh tuyệt vời lắm ❤❤,ISAAC,positive,anh tuyệt vời lắm,strong,PERSONALITY
UgwLib7zv6_7H4lfJOV4AaABAg,Tui xem lại vì cap va ruy đó❤❤❤❤,cap va ruy,positive,Tui xem lại vì,strong,PERFORMANCE
UgwM9DQksm78KBJvrsB4AaABAg,Những người a thái chọn rất tài năng năm nay quán quân là Đội a Thái  nhá em tin a có thể làm được những thứ khán giả đang mong chúc a và đội thành công ❤,Những người a thái chọn,positive,rất tài năng,strong,GENERAL
UgwM9DQksm78KBJvrsB4AaABAg,Những người a thái chọn rất tài năng năm nay quán quân là Đội a Thái  nhá em tin a có thể làm được những thứ khán giả đang mong chúc a và đội thành công ❤,Đội a Thái,positive,em tin a có thể làm được những thứ khán giả đang mong,strong,TEAMWORK
UgwNoZ3xkLYEbOxe2bF4AaABAg,15:00  thấy tội rhyder quá tổn thương rhyder❤,rhyder,neutral,tội rhyder quá tổn thương,strong,PERFORMANCE
UgwObajW9OLnauRrFOB4AaABAg,"Bài caption khóc quá trời, xúc động quá. Nhg qua bài rhyder phải công nhận rất đỉnh, e ấy đã toả sáng vẫn giữ được màu sắc riêng. Hay quá chúc mừng 2e",Bài caption,positive,"khóc quá trời, xúc động quá",strong,SONG
UgwObajW9OLnauRrFOB4AaABAg,"Bài caption khóc quá trời, xúc động quá. Nhg qua bài rhyder phải công nhận rất đỉnh, e ấy đã toả sáng vẫn giữ được màu sắc riêng. Hay quá chúc mừng 2e",bài rhyder,positive,"rất đỉnh, e ấy đã toả sáng vẫn giữ được màu sắc riêng",strong,PERFORMANCE
UgwQGvzE_y_HvaqfPSx4AaABAg,Dương Domicccc i loveeee uuuuuuuu,Dương Domicccc,positive,i loveeee uuuuuuuu,strong,PERSONALITY
UgwRKHdjyIKh4sbni7x4AaABAg,Sao Sơn Tùng đã ra tới nước ngoài hát. Rồi thằng Icạac còn ở đây. Khuôn mặt giống sơn tùng. Hát như cái tên,Icạac,negative,còn ở đây. Khuôn mặt giống sơn tùng. Hát như cái tên,strong,PERSONALITY
UgwRKHdjyIKh4sbni7x4AaABAg,Sao Sơn Tùng đã ra tới nước ngoài hát. Rồi thằng Icạac còn ở đây. Khuôn mặt giống sơn tùng. Hát như cái tên,Sơn Tùng,positive,ra tới nước ngoài hát,strong,PERSONALITY
UgwRzbhBRjh6BG9F1194AaABAg,Anh Big đúng kiểu biến team mình từ những thí sinh bị đánh giá thấp hơn thành quái vật tưởng lép vế mà nhai nát mấy team còn lại luôn đỉnh của chóp. Hi vọng sẽ có nón vàng cho Khang 🥹,Anh Big,positive,từ những thí sinh bị đánh giá thấp hơn thành quái vật tưởng lép vế mà nhai nát mấy team còn lại luôn đỉnh của chóp,strong,TEAMWORK
UgwRzbhBRjh6BG9F1194AaABAg,Anh Big đúng kiểu biến team mình từ những thí sinh bị đánh giá thấp hơn thành quái vật tưởng lép vế mà nhai nát mấy team còn lại luôn đỉnh của chóp. Hi vọng sẽ có nón vàng cho Khang 🥹,Khang,positive,Hi vọng sẽ có nón vàng cho Khang,moderate,PERFORMANCE
UgwSPPOZ3KUHsbHCYRt4AaABAg,Issac đẹp trai quá đẹp hơn cả HT2,HT2,negative,đẹp hơn cả HT2,moderate,PERSONALITY
UgwSPPOZ3KUHsbHCYRt4AaABAg,Issac đẹp trai quá đẹp hơn cả HT2,Issac,positive,đẹp trai quá,strong,PERSONALITY
UgwSPasyYX3PHdZrULN4AaABAg,"Pháp Kiều và Double2T là 2 lựa chọn chính xác rồi, có điều vẫn tiếc cho Tọi và Long nón lá, hi vọng gặp lai dc 2 bạn vào mùa 4 nha........",Double2T,positive,là 2 lựa chọn chính xác rồi,moderate,GENERAL
UgwSPasyYX3PHdZrULN4AaABAg,"Pháp Kiều và Double2T là 2 lựa chọn chính xác rồi, có điều vẫn tiếc cho Tọi và Long nón lá, hi vọng gặp lai dc 2 bạn vào mùa 4 nha........",Pháp Kiều,positive,là 2 lựa chọn chính xác rồi,moderate,GENERAL
UgwSPasyYX3PHdZrULN4AaABAg,"Pháp Kiều và Double2T là 2 lựa chọn chính xác rồi, có điều vẫn tiếc cho Tọi và Long nón lá, hi vọng gặp lai dc 2 bạn vào mùa 4 nha........",Tọi,positive,"tiếc cho Tọi và Long nón lá, hi vọng gặp lai dc 2 bạn vào mùa 4 nha",mild,GENERAL
UgwSWF8rfmjxnulHg_54AaABAg,"thấy mấy anh trai cổ vũ sp nhau dth và vui tht sự, a NICky cũng đến để sp cho mn quá dth luôn như 1 gdd vậy còn anh PQui nữa",mấy anh trai,positive,cổ vũ sp nhau dth và vui tht sự,strong,TEAMWORK
UgwSWF8rfmjxnulHg_54AaABAg,"thấy mấy anh trai cổ vũ sp nhau dth và vui tht sự, a NICky cũng đến để sp cho mn quá dth luôn như 1 gdd vậy còn anh PQui nữa",a NICky,positive,sp cho mn quá dth luôn như 1 gdd,strong,PERSONALITY
UgwSWF8rfmjxnulHg_54AaABAg,"thấy mấy anh trai cổ vũ sp nhau dth và vui tht sự, a NICky cũng đến để sp cho mn quá dth luôn như 1 gdd vậy còn anh PQui nữa",anh PQui,positive,sp cho mn quá dth luôn như 1 gdd,strong,PERSONALITY
UgwT98R8dvXvjaqeisN4AaABAg,"Đúng là cái gì hay đặc biệt thường để ở cuối.
 Hổng Có Ưa hay lắm… Đánh giá cao Pháp Kiều à nha. Nhẹ nhàng dễ nghe.. Snoopdee vocal cũng chất luôn.. Tiết mục tuyệt vời ❤️",Hổng Có Ưa,positive,đánh giá cao Pháp Kiều à nha,strong,SONG
UgwT98R8dvXvjaqeisN4AaABAg,"Đúng là cái gì hay đặc biệt thường để ở cuối.
 Hổng Có Ưa hay lắm… Đánh giá cao Pháp Kiều à nha. Nhẹ nhàng dễ nghe.. Snoopdee vocal cũng chất luôn.. Tiết mục tuyệt vời ❤️",Hổng Có Ưa,positive,tiết mục tuyệt vời ❤️,strong,SONG
UgwT98R8dvXvjaqeisN4AaABAg,"Đúng là cái gì hay đặc biệt thường để ở cuối.
 Hổng Có Ưa hay lắm… Đánh giá cao Pháp Kiều à nha. Nhẹ nhàng dễ nghe.. Snoopdee vocal cũng chất luôn.. Tiết mục tuyệt vời ❤️",Snoopdee,positive,vocal cũng chất luôn,strong,VOCAL
UgwWGt0yeOTdDBpEjyl4AaABAg,6:28 Dương đáng iuuu théeee,Dương,positive,đáng iuuu,strong,PERSONALITY
UgwX9aTDxPelr1TvdnV4AaABAg,"bài của DT hay nhất vòng này đối với mình, HLV gây thất vọng nhất, Andree",Andree,negative,HLV gây thất vọng nhất,strong,PERSONALITY
UgwX9aTDxPelr1TvdnV4AaABAg,"bài của DT hay nhất vòng này đối với mình, HLV gây thất vọng nhất, Andree",DT,positive,bài của DT hay nhất vòng này,strong,SONG
UgwYyjZt8_rsEAMqBp94AaABAg,"Tui chit thích nghe Quang Hùng và bác Trấn Thành của con gái thôi! Đỉnh thật, ngoài từ quá giỏi ra không biết nói gì",Quang Hùng,positive,tui chit thích nghe,strong,VOCAL
UgwYyjZt8_rsEAMqBp94AaABAg,"Tui chit thích nghe Quang Hùng và bác Trấn Thành của con gái thôi! Đỉnh thật, ngoài từ quá giỏi ra không biết nói gì",bác Trấn Thành,positive,đỉnh thật,strong,PERSONALITY
UgwZiIdtuYTlNA-QuFJ4AaABAg,"Ở Việt Nam, MC giỏi nhất là Trấn Thành, ko ai vượt qua dc",Trấn Thành,positive,MC giỏi nhất,strong,PERSONALITY
UgwbpgOL3ybq7VZunPp4AaABAg,"Pháp Kiều đúng đỉnh trưởng thành qua từng tập bài nào của Kiều cũng đều hay đều bắt tay mỗi bào đều mang 1 ý nghĩa đều rất sôi động hiện tại đối với khán giả Kiều đã rất thành công rùi rất ủng hộ lối đi riêng của Kiều
Respect Bigdaddy 1 người thầy thực thụ",Bigdaddy,positive,1 người thầy thực thụ,strong,PERSONALITY
UgwbpgOL3ybq7VZunPp4AaABAg,"Pháp Kiều đúng đỉnh trưởng thành qua từng tập bài nào của Kiều cũng đều hay đều bắt tay mỗi bào đều mang 1 ý nghĩa đều rất sôi động hiện tại đối với khán giả Kiều đã rất thành công rùi rất ủng hộ lối đi riêng của Kiều
Respect Bigdaddy 1 người thầy thực thụ",Pháp Kiều,positive,trưởng thành qua từng tập bài nào của Kiều cũng đều hay,strong,PERFORMANCE
UgwbpgOL3ybq7VZunPp4AaABAg,"Pháp Kiều đúng đỉnh trưởng thành qua từng tập bài nào của Kiều cũng đều hay đều bắt tay mỗi bào đều mang 1 ý nghĩa đều rất sôi động hiện tại đối với khán giả Kiều đã rất thành công rùi rất ủng hộ lối đi riêng của Kiều
Respect Bigdaddy 1 người thầy thực thụ",Pháp Kiều,positive,đã rất thành công rùi rất ủng hộ lối đi riêng của Kiều,strong,GENERAL
Ugwcby9OG36ucAOJRbx4AaABAg,"bài của ai cx hay hết á 
ryhder 
dương domic 
đức phúc 🥹🥹",ryhder,positive,bài của ai cx hay hết á,strong,SONG
Ugwcby9OG36ucAOJRbx4AaABAg,"bài của ai cx hay hết á 
ryhder 
dương domic 
đức phúc 🥹🥹",đức phúc,positive,bài của ai cx hay hết á,strong,SONG
Ugwcby9OG36ucAOJRbx4AaABAg,"bài của ai cx hay hết á 
ryhder 
dương domic 
đức phúc 🥹🥹",dương domic,positive,bài của ai cx hay hết á,strong,SONG
UgwdAD-u6IPiDCCT5TB4AaABAg,"Chủ đề về đất nước rất dễ thắng trên sk đặc biệt team giỏi của Erik
Team Atus yếu nhất, bà về mẹ dù dễ đánh cảm xúc nhưng cũng rất dễ sến và qtrong là ý tưởng trình diễn nổi bật rất khó. 
Bỏ qua cảm xúc thì màn trình diễn phần nhìn của Atus quá xuất sắc đi. 
Chiến thắng hoàn toàn xứng đáng. 

Sau đêm nay là bài quá dã man, với 1 ng nghe nhạc bình thường dễ nghe hơn 3 bài còn lại, trình diễn siêu hoành tráng chuyên nghiệp! Tiếc là bài phải thi chọn 3-4.",Team Atus,negative,yếu nhất,strong,TEAMWORK
UgwdAD-u6IPiDCCT5TB4AaABAg,"Chủ đề về đất nước rất dễ thắng trên sk đặc biệt team giỏi của Erik
Team Atus yếu nhất, bà về mẹ dù dễ đánh cảm xúc nhưng cũng rất dễ sến và qtrong là ý tưởng trình diễn nổi bật rất khó. 
Bỏ qua cảm xúc thì màn trình diễn phần nhìn của Atus quá xuất sắc đi. 
Chiến thắng hoàn toàn xứng đáng. 

Sau đêm nay là bài quá dã man, với 1 ng nghe nhạc bình thường dễ nghe hơn 3 bài còn lại, trình diễn siêu hoành tráng chuyên nghiệp! Tiếc là bài phải thi chọn 3-4.",Erik,positive,team giỏi,strong,TEAMWORK
UgwdAD-u6IPiDCCT5TB4AaABAg,"Chủ đề về đất nước rất dễ thắng trên sk đặc biệt team giỏi của Erik
Team Atus yếu nhất, bà về mẹ dù dễ đánh cảm xúc nhưng cũng rất dễ sến và qtrong là ý tưởng trình diễn nổi bật rất khó. 
Bỏ qua cảm xúc thì màn trình diễn phần nhìn của Atus quá xuất sắc đi. 
Chiến thắng hoàn toàn xứng đáng. 

Sau đêm nay là bài quá dã man, với 1 ng nghe nhạc bình thường dễ nghe hơn 3 bài còn lại, trình diễn siêu hoành tráng chuyên nghiệp! Tiếc là bài phải thi chọn 3-4.",Atus,positive,Bỏ qua cảm xúc thì màn trình diễn phần nhìn của Atus quá xuất sắc đi,strong,VISUAL
UgwdvYOnLRAX6-dcvoN4AaABAg,"Ui phục đội HTH quá luôn í, nhận được bài k đội nào muốn chọn mà thể hiện ấn tượng thật sự, mê 4 a trai đội này quá🥰",đội HTH,positive,"phục đội HTH quá luôn í, nhận được bài k đội nào muốn chọn mà thể hiện ấn tượng thật sự, mê 4 a trai đội này quá",strong,TEAMWORK
UgweM2Ra0JQUtsH9TBV4AaABAg,Hurrykng rap hay mà ko được chọn. Con bé Liu Grace rap tệ vậy mà được vô vòng cung kết. Thật nhảm,Hurrykng,positive,rap hay mà ko được chọn,strong,PERFORMANCE
UgweM2Ra0JQUtsH9TBV4AaABAg,Hurrykng rap hay mà ko được chọn. Con bé Liu Grace rap tệ vậy mà được vô vòng cung kết. Thật nhảm,Liu Grace,negative,rap tệ vậy mà được vô vòng cung kết,strong,PERFORMANCE
UgwesGrmfT_akByurIt4AaABAg,Bài của a Big quẩy Mỹ Đình thì đúng bá cháy ... Làm ơn đưa concert ra MỸ Đình đi ạ ... E cọc nhẹ 5 cái vé,Bài của a Big,positive,Bài của a Big quẩy Mỹ Đình thì đúng bá cháy,strong,SONG
Ugwpw5D8ZRJTSzTo4yd4AaABAg,"Mình rất thích Love Sand với Catch me, nhưng mà Thi Sĩ thực sự rất cảm xúc làm mình khó quên được 🎉",Love Sand,positive,mình rất thích,moderate,SONG
Ugwpw5D8ZRJTSzTo4yd4AaABAg,"Mình rất thích Love Sand với Catch me, nhưng mà Thi Sĩ thực sự rất cảm xúc làm mình khó quên được 🎉",Thi Sĩ,positive,thực sự rất cảm xúc,strong,SONG
Ugwpw5D8ZRJTSzTo4yd4AaABAg,"Mình rất thích Love Sand với Catch me, nhưng mà Thi Sĩ thực sự rất cảm xúc làm mình khó quên được 🎉",Catch me,positive,Mình rất thích,strong,SONG
UgwqPE7RFxfhDbGAejx4AaABAg,nghe lại bài của HURRYKHNG hay quá nên cày lại rap việt mùa này,HURRYKHNG,positive,nghe lại bài của HURRYKHNG hay quá,strong,SONG
Ugwqc8fh3WY0iAuYRfp4AaABAg,Bao lời con chưa nói hay và cảm động lắm,Bao lời con chưa nói,positive,hay và cảm động lắm,strong,SONG
UgwsBvLvLm7p7o7juMB4AaABAg,Xem rap việt mùa 3 mới biết Bray và các HLV mới này..vip..,Bray,positive,vip,moderate,PERSONALITY
UgwsBvLvLm7p7o7juMB4AaABAg,Xem rap việt mùa 3 mới biết Bray và các HLV mới này..vip..,các HLV mới,positive,vip,moderate,PERSONALITY
Ugwnk4bh-ghgP5d2GUx4AaABAg,"Trời ơi xem mấy a trai làm tui quá nhiều cảm xúc vui mừng.buồn tiếc ( vũ thịnh, tage)còn 5 ông giảm khảo làm tui nổi da ga cục cục ❤❤❤❤❤quá hay🎉🎉🎉🎉🎉🎉",5 ông giảm khảo,positive,làm tui nổi da ga,moderate,GENERAL
Ugwnk4bh-ghgP5d2GUx4AaABAg,"Trời ơi xem mấy a trai làm tui quá nhiều cảm xúc vui mừng.buồn tiếc ( vũ thịnh, tage)còn 5 ông giảm khảo làm tui nổi da ga cục cục ❤❤❤❤❤quá hay🎉🎉🎉🎉🎉🎉",vũ thịnh,neutral,buồn tiếc,moderate,PERSONALITY
Ugwnk4bh-ghgP5d2GUx4AaABAg,"Trời ơi xem mấy a trai làm tui quá nhiều cảm xúc vui mừng.buồn tiếc ( vũ thịnh, tage)còn 5 ông giảm khảo làm tui nổi da ga cục cục ❤❤❤❤❤quá hay🎉🎉🎉🎉🎉🎉",tage,neutral,buồn tiếc,moderate,PERSONALITY
UgwbAtI6VHiYbONvfwN4AaABAg,"Trời oiii, Jsol đẹp trai quá aạaaaa. Love Sand mãi đỉnhh",Jsol,positive,đẹp trai quá,strong,VISUAL
UgwbAtI6VHiYbONvfwN4AaABAg,"Trời oiii, Jsol đẹp trai quá aạaaaa. Love Sand mãi đỉnhh",Love Sand,positive,đỉnhh,strong,SONG
UgwWTMGYfhQzi2aHL094AaABAg,"Hâm mộ a Big thật sự. Các thí sinh đều lột xác đỉnh caoooo… 
Năm nay hầu như các thí sinh đều có màu riêng rõ nét. Ko ai giống ai. Xem cuốn thật sự. Hóng phần chung kết quá… mong double2T sẽ dc đi tiếpppppp…",Big,positive,Hâm mộ a Big thật sự.,strong,PERSONALITY
UgwWTMGYfhQzi2aHL094AaABAg,"Hâm mộ a Big thật sự. Các thí sinh đều lột xác đỉnh caoooo… 
Năm nay hầu như các thí sinh đều có màu riêng rõ nét. Ko ai giống ai. Xem cuốn thật sự. Hóng phần chung kết quá… mong double2T sẽ dc đi tiếpppppp…",double2T,positive,mong double2T sẽ dc đi tiếp,strong,GENERAL
UgwsMOL1iVrSC4ed4sx4AaABAg,"Quang Hùng chọn người chuẩn thế. Ghi trong Giấy là Negav, Pháp Kiều, Erik là hợp ý luôn",Negav,positive,hợp ý luôn,strong,PERSONALITY
UgwsMOL1iVrSC4ed4sx4AaABAg,"Quang Hùng chọn người chuẩn thế. Ghi trong Giấy là Negav, Pháp Kiều, Erik là hợp ý luôn",Quang Hùng,positive,chọn người chuẩn thế,moderate,PERSONALITY
UgwsMOL1iVrSC4ed4sx4AaABAg,"Quang Hùng chọn người chuẩn thế. Ghi trong Giấy là Negav, Pháp Kiều, Erik là hợp ý luôn",Pháp Kiều,positive,hợp ý luôn,strong,PERSONALITY
UgwsMOL1iVrSC4ed4sx4AaABAg,"Quang Hùng chọn người chuẩn thế. Ghi trong Giấy là Negav, Pháp Kiều, Erik là hợp ý luôn",Erik,positive,hợp ý luôn,strong,PERSONALITY
Ugws_m4ttHtmeICznqd4AaABAg,❤  Đôi atus hay hơn đôi hurryknh nhiều,đôi atus,positive,hay hơn đôi hurryknh nhiều,strong,TEAMWORK
Ugws_m4ttHtmeICznqd4AaABAg,❤  Đôi atus hay hơn đôi hurryknh nhiều,đôi hurryknh,negative,Đôi atus hay hơn đôi hurryknh nhiều,moderate,TEAMWORK
UgwtH7_R-jbH2pNUADN4AaABAg,"Coi 2 tập gần đây nhất mình phải quay lại để dành lời khen cho anh Dương K, nhạc nào cũng hay, anh Big thì tất nhiên có sự training thí sinh xịn xò, tất cả các bài của team đều là siêu phẩm.",Big,positive,training thí sinh xịn xò,strong,TEAMWORK
UgwtH7_R-jbH2pNUADN4AaABAg,"Coi 2 tập gần đây nhất mình phải quay lại để dành lời khen cho anh Dương K, nhạc nào cũng hay, anh Big thì tất nhiên có sự training thí sinh xịn xò, tất cả các bài của team đều là siêu phẩm.",Dương K,positive,nhạc nào cũng hay,strong,SONG
UgwtH7_R-jbH2pNUADN4AaABAg,"Coi 2 tập gần đây nhất mình phải quay lại để dành lời khen cho anh Dương K, nhạc nào cũng hay, anh Big thì tất nhiên có sự training thí sinh xịn xò, tất cả các bài của team đều là siêu phẩm.",Big,positive,tất cả các bài của team đều là siêu phẩm,strong,SONG
UgwtwpszGHyWAvrCFLp4AaABAg.A5plBFIYJEyA5srLpZkhVm,Như này k cần xem nữa cũng  biết Hiếu Thứ 2 nhất. Bài k ra làm sao thì nhất. Bài top 1 thì 4/4. Thôi từ sau khỏi xem.,Hiếu Thứ 2,negative,Như này k cần xem nữa cũng  biết Hiếu Thứ 2 nhất,strong,PERSONALITY
UgwtwpszGHyWAvrCFLp4AaABAg.A5plBFIYJEyA5srLpZkhVm,Như này k cần xem nữa cũng  biết Hiếu Thứ 2 nhất. Bài k ra làm sao thì nhất. Bài top 1 thì 4/4. Thôi từ sau khỏi xem.,Rap Việt,negative,Bài k ra làm sao thì nhất. Bài top 1 thì 4/4. Thôi từ sau khỏi xem.,strong,SHOW_FORMAT
UgwvK6YacamleapVeBl4AaABAg.ABAFeBJQ9NeACL_o0MJuZs,"thấy ali ko hợp mảng hát lắm,  nhảy với diễn thì ổng giỏi nha, bữa chơi game rương với hiếu ổng diễn đỉnh mà ko ai ngờ lun",ali,negative,ko hợp mảng hát lắm,moderate,VOCAL
UgwvK6YacamleapVeBl4AaABAg.ABAFeBJQ9NeACL_o0MJuZs,"thấy ali ko hợp mảng hát lắm,  nhảy với diễn thì ổng giỏi nha, bữa chơi game rương với hiếu ổng diễn đỉnh mà ko ai ngờ lun",ali,positive,nhảy với diễn thì ổng giỏi,strong,PERFORMANCE
UgwxT6uCLny6WMfM69h4AaABAg,Xem từ giữa chương trình và h quay lại xem từ tập 1..thấy no far no star và 10/10  hay nhất nhưng sốc kết quả của 10/10 quá,Rap Việt,negative,sốc kết quả của 10/10 quá,strong,SHOW_FORMAT
UgwxT6uCLny6WMfM69h4AaABAg,Xem từ giữa chương trình và h quay lại xem từ tập 1..thấy no far no star và 10/10  hay nhất nhưng sốc kết quả của 10/10 quá,no far no star,positive,hay nhất,strong,SONG
UgwxT6uCLny6WMfM69h4AaABAg,Xem từ giữa chương trình và h quay lại xem từ tập 1..thấy no far no star và 10/10  hay nhất nhưng sốc kết quả của 10/10 quá,10/10,positive,hay nhất,strong,SONG
Ugwym2aBW51TETAnwm54AaABAg,"Quang Hùng hay quá ,trí tuệ tuyệt vời ,Winle cũng giỏi nữa ❤❤❤❤❤❤",Quang Hùng,positive,"hay quá ,trí tuệ tuyệt vời",strong,VOCAL
Ugwym2aBW51TETAnwm54AaABAg,"Quang Hùng hay quá ,trí tuệ tuyệt vời ,Winle cũng giỏi nữa ❤❤❤❤❤❤",Winle,positive,giỏi nữa,moderate,VOCAL
UgwzRvUI4EyWVZOYsZZ4AaABAg,"đoán Mikelodic năm nay đi hơi xa đấy:)))) còn Hydra thì Andree biến thành Rapstar thôi , peace!",Hydra,positive,biến thành Rapstar thôi,strong,GENERAL
UgwzRvUI4EyWVZOYsZZ4AaABAg,"đoán Mikelodic năm nay đi hơi xa đấy:)))) còn Hydra thì Andree biến thành Rapstar thôi , peace!",Mikelodic,positive,năm nay đi hơi xa đấy,moderate,GENERAL
UgwzRvUI4EyWVZOYsZZ4AaABAg,"đoán Mikelodic năm nay đi hơi xa đấy:)))) còn Hydra thì Andree biến thành Rapstar thôi , peace!",Rap Việt,positive,peace!,strong,GENERAL
Ugx3bpvG1UxWdX_tUOV4AaABAg,Xem đi xem lại hoài luôn thấy atus mọi thứ đều mờ hết zay trời,atus,negative,mọi thứ đều mờ hết,strong,PERFORMANCE
Ugx3kdiqtzjoLDtqbzZ4AaABAg,"Ngáo ngơ của hth,anh tú atus,erik và jsol mãi đỉnh ~~","Ngáo ngơ của hth,anh tú atus,erik và jsol",positive,mãi đỉnh,strong,VOCAL
Ugx4Kv60C_8It4auS4Z4AaABAg,Negav hơi lù mờ với khách mời nha. Khách mời hát làm mình wow luôn😮😮,Khách mời,positive,hát làm mình wow luôn,strong,VOCAL
Ugx4Kv60C_8It4auS4Z4AaABAg,Negav hơi lù mờ với khách mời nha. Khách mời hát làm mình wow luôn😮😮,Negav,negative,lù mờ,moderate,VOCAL
Ugx4MdKCKAP7Jm1RNo54AaABAg,"Khi nào Gin Tuấn Kiệt về vậy ạ chứ e thấy nhạt quá k có gì nổi bật , nc cũng k nói , mà hát nhảy cũng k hay",Gin Tuấn Kiệt,negative,"nhạt quá k có gì nổi bật , nc cũng k nói , mà hát nhảy cũng k hay",strong,VOCAL
Ugx5KXhOOQoEADtlEyp4AaABAg,"tập này bài nào cũng hay khó mà xếp hạng luôn nhỉ, tính ra bài nào cũng có phần kết quá bùng nổ, khó chọn thật, toàn 9.5 với 9.8 ko",bài,positive,bài nào cũng hay,moderate,SONG
Ugx5KXhOOQoEADtlEyp4AaABAg,"tập này bài nào cũng hay khó mà xếp hạng luôn nhỉ, tính ra bài nào cũng có phần kết quá bùng nổ, khó chọn thật, toàn 9.5 với 9.8 ko",bài,positive,phần kết quá bùng nổ,strong,PERFORMANCE
Ugx6NTMmxUfej9054dB4AaABAg,Khang với An gánh ko nổi,An,positive,gánh ko nổi,strong,TEAMWORK
Ugx6NTMmxUfej9054dB4AaABAg,Khang với An gánh ko nổi,Khang,positive,gánh ko nổi,strong,PERSONALITY
Ugx7125ZGRUV2szla4l4AaABAg,"DLow rời ra Karik là thành mới tập Rap. Ko lên dc
Số phận nó vậy. Biết đâu vog sau Bray đưa lên như Karik từng làm mùa trc.",DLow,positive,Bray đưa lên,moderate,TEAMWORK
Ugx7125ZGRUV2szla4l4AaABAg,"DLow rời ra Karik là thành mới tập Rap. Ko lên dc
Số phận nó vậy. Biết đâu vog sau Bray đưa lên như Karik từng làm mùa trc.",DLow,negative,rời ra Karik là thành mới tập Rap,moderate,TEAMWORK
Ugx71mZutr6LKRYTtT94AaABAg,"1:27:25 ấy, mới dô nói chiện mượt quá chời nè Dươnggg",Dươnggg,positive,nói chiện mượt quá chời,strong,PERSONALITY
Ugx71xLry-sRyUJtHD54AaABAg,Tập này mê Hydra qá. Các bạn ca sĩ hỗ trợ cũng quá đỉnh luôn,Hydra,positive,Tập này mê Hydra qá,strong,PERSONALITY
Ugx71xLry-sRyUJtHD54AaABAg,Tập này mê Hydra qá. Các bạn ca sĩ hỗ trợ cũng quá đỉnh luôn,ca sĩ hỗ trợ,positive,cũng quá đỉnh luôn,strong,PERSONALITY
Ugx9kKCh8-Ir1-w7KEh4AaABAg,Tình đầu quá chén mãi đỉnh,Tình đầu quá chén,positive,mãi đỉnh,strong,SONG
UgxGOHqtyaeBgqJodBx4AaABAg,Giọng QT hợp với bài này ghê. Giọng SL cũng hay nha.❤❤❤,QT,positive,hợp với bài này ghê,strong,VOCAL
UgxGOHqtyaeBgqJodBx4AaABAg,Giọng QT hợp với bài này ghê. Giọng SL cũng hay nha.❤❤❤,SL,positive,cũng hay nha,strong,VOCAL
UgxHFInQft6XnOY0RSd4AaABAg,Hiếu hát hay nha ❤,Hiếu,positive,hay nha,strong,VOCAL
UgxJbp3WX13gAFkeSWJ4AaABAg,"mình đoán 24k năm nay quán quân, 2T á quân",24K,positive,quán quân,moderate,GENERAL
UgxJbp3WX13gAFkeSWJ4AaABAg,"mình đoán 24k năm nay quán quân, 2T á quân",2T,positive,á quân,moderate,GENERAL
UgxJiGd9rN-2R4bgCyt4AaABAg,Tui thích Tage với Song Luân quá. Đoạn 2 người ôm nhau khóc tui xúc động quá. Coi lại tự nhiên thấy rung động hơn lần đầu,Song Luân,positive,tui thích Tage với Song Luân quá,strong,PERSONALITY
UgxJiGd9rN-2R4bgCyt4AaABAg,Tui thích Tage với Song Luân quá. Đoạn 2 người ôm nhau khóc tui xúc động quá. Coi lại tự nhiên thấy rung động hơn lần đầu,Tage,positive,tui thích Tage với Song Luân quá,strong,PERSONALITY
UgxMt_QkQ9UyhmqPv0l4AaABAg,"Respect for 4 hits!! Huỳnh Công Hiếu is a masterpiece of lyricals, Just unlucky for Umie a little but she gonna doing something great in her journey. Thanks & Respect Thái V.G for his word & the thing he do!!! Thanks BRay!! - Some word from ur big fan",BRay,positive,Thanks BRay!!,strong,GENERAL
UgxMt_QkQ9UyhmqPv0l4AaABAg,"Respect for 4 hits!! Huỳnh Công Hiếu is a masterpiece of lyricals, Just unlucky for Umie a little but she gonna doing something great in her journey. Thanks & Respect Thái V.G for his word & the thing he do!!! Thanks BRay!! - Some word from ur big fan",Huỳnh Công Hiếu,positive,masterpiece of lyricals,strong,PERFORMANCE
UgxMt_QkQ9UyhmqPv0l4AaABAg,"Respect for 4 hits!! Huỳnh Công Hiếu is a masterpiece of lyricals, Just unlucky for Umie a little but she gonna doing something great in her journey. Thanks & Respect Thái V.G for his word & the thing he do!!! Thanks BRay!! - Some word from ur big fan",Thái V.G,positive,Thanks & Respect Thái V.G for his word & the thing he do,strong,PERSONALITY
UgxMt_QkQ9UyhmqPv0l4AaABAg,"Respect for 4 hits!! Huỳnh Công Hiếu is a masterpiece of lyricals, Just unlucky for Umie a little but she gonna doing something great in her journey. Thanks & Respect Thái V.G for his word & the thing he do!!! Thanks BRay!! - Some word from ur big fan",Umie,mixed,Just unlucky for Umie a little but she gonna doing something great in her journey,moderate,GENERAL
UgxNo-iHPu6FdhPFHrp4AaABAg,Nhóm nào cũng hút ❤,Nhóm,positive,cũng hút ❤,strong,GENERAL
UgxReCQ0MHitH6QZJmd4AaABAg,Issac hơn t 1 Rhyder:0,Issac,positive,hơn t 1 Rhyder,strong,VOCAL
UgxT2HTc6FY6qusWBbt4AaABAg,"Tập 7 tui coi khoảng 10 lần và mỗi lần coi đều tua đi tua lại cái khoảng giật áo chuyển từ đen sang đủ màu của bài Ngáo ngơ, cả sân khấu bừng sáng đúng như Trấn thành nói là khai mạc festival biển, rất tuyệt vời",Ngáo ngơ,positive,"cả sân khấu bừng sáng đúng như Trấn thành nói là khai mạc festival biển, rất tuyệt vời",strong,STAGE_PRODUCTION
UgxT2HTc6FY6qusWBbt4AaABAg,"Tập 7 tui coi khoảng 10 lần và mỗi lần coi đều tua đi tua lại cái khoảng giật áo chuyển từ đen sang đủ màu của bài Ngáo ngơ, cả sân khấu bừng sáng đúng như Trấn thành nói là khai mạc festival biển, rất tuyệt vời",Ngáo ngơ,positive,cái khoảng giật áo chuyển từ đen sang đủ màu của bài Ngáo ngơ,strong,PERFORMANCE
UgxT2HTc6FY6qusWBbt4AaABAg,"Tập 7 tui coi khoảng 10 lần và mỗi lần coi đều tua đi tua lại cái khoảng giật áo chuyển từ đen sang đủ màu của bài Ngáo ngơ, cả sân khấu bừng sáng đúng như Trấn thành nói là khai mạc festival biển, rất tuyệt vời",Tập 7,positive,tui coi khoảng 10 lần và mỗi lần coi đều tua đi tua lại,strong,GENERAL
UgxT6--kDZCCCUaeGRt4AaABAg,"Captian với Umie hay quá. 

Giai điệu cuốn thật..
  Captian thể hiện quá tốt.. Hát đã hay ... 

Umie hay quá - bài hot",Captian,positive,Captian với Umie hay quá,strong,GENERAL
UgxT6--kDZCCCUaeGRt4AaABAg,"Captian với Umie hay quá. 

Giai điệu cuốn thật..
  Captian thể hiện quá tốt.. Hát đã hay ... 

Umie hay quá - bài hot",Umie,positive,Captian với Umie hay quá,strong,GENERAL
UgxT6--kDZCCCUaeGRt4AaABAg,"Captian với Umie hay quá. 

Giai điệu cuốn thật..
  Captian thể hiện quá tốt.. Hát đã hay ... 

Umie hay quá - bài hot",bài hát,positive,Giai điệu cuốn thật,strong,SONG
UgxT6--kDZCCCUaeGRt4AaABAg,"Captian với Umie hay quá. 

Giai điệu cuốn thật..
  Captian thể hiện quá tốt.. Hát đã hay ... 

Umie hay quá - bài hot",Captian,positive,Captian thể hiện quá tốt,strong,PERFORMANCE
UgxT6--kDZCCCUaeGRt4AaABAg,"Captian với Umie hay quá. 

Giai điệu cuốn thật..
  Captian thể hiện quá tốt.. Hát đã hay ... 

Umie hay quá - bài hot",Captian,positive,Hát đã hay,strong,VOCAL
UgxT6--kDZCCCUaeGRt4AaABAg,"Captian với Umie hay quá. 

Giai điệu cuốn thật..
  Captian thể hiện quá tốt.. Hát đã hay ... 

Umie hay quá - bài hot",Umie,positive,Umie hay quá,strong,GENERAL
UgxT6--kDZCCCUaeGRt4AaABAg,"Captian với Umie hay quá. 

Giai điệu cuốn thật..
  Captian thể hiện quá tốt.. Hát đã hay ... 

Umie hay quá - bài hot",bài hát,positive,bài hot,moderate,SONG
UgxTSN9dtzqOON3IhUh4AaABAg,Bài của song luân hay nhà phối nhạc nhân gian hiện đại nghe cuối phết,Bài của song luân,positive,hay,strong,SONG
UgxTSN9dtzqOON3IhUh4AaABAg,Bài của song luân hay nhà phối nhạc nhân gian hiện đại nghe cuối phết,nhà phối nhạc,positive,nghe cuối phết,strong,SONG
UgxV2BxrH4GWqVB5eKh4AaABAg,"Quá đỉnh luôn, thích Hu, Liu, DT và đặc biệt HTH. Mê rap vì câu từ rất thấm :)",DT,positive,"Quá đỉnh luôn, thích Hu, Liu, DT",strong,PERSONALITY
UgxV2BxrH4GWqVB5eKh4AaABAg,"Quá đỉnh luôn, thích Hu, Liu, DT và đặc biệt HTH. Mê rap vì câu từ rất thấm :)",HTH,positive,"Quá đỉnh luôn, thích Hu, Liu, DT và đặc biệt HTH",strong,PERSONALITY
UgxV2BxrH4GWqVB5eKh4AaABAg,"Quá đỉnh luôn, thích Hu, Liu, DT và đặc biệt HTH. Mê rap vì câu từ rất thấm :)",Hu,positive,"Quá đỉnh luôn, thích Hu",strong,PERSONALITY
UgxV2BxrH4GWqVB5eKh4AaABAg,"Quá đỉnh luôn, thích Hu, Liu, DT và đặc biệt HTH. Mê rap vì câu từ rất thấm :)",Liu,positive,"Quá đỉnh luôn, thích Hu, Liu",strong,PERSONALITY
UgxV2BxrH4GWqVB5eKh4AaABAg,"Quá đỉnh luôn, thích Hu, Liu, DT và đặc biệt HTH. Mê rap vì câu từ rất thấm :)",rap,positive,Mê rap vì câu từ rất thấm,strong,VOCAL
UgxVrFizCxchPj3vzxt4AaABAg,"Team Editor Rap Việt vui lòng xử lý hậu kỳ chuyên nghiệp tí đi ạ, nghe rác tạp âm thôi rồi luôn, nào tiếng chat chit nhảy loạn xạ, nào bị cắt âm ngắt đoạn... Quá uổng phí cho thí sinh tài năng năm nay!",Team Editor Rap Việt,negative,quá uổng phí cho thí sinh tài năng năm nay!,strong,GENERAL
UgxVrFizCxchPj3vzxt4AaABAg,"Team Editor Rap Việt vui lòng xử lý hậu kỳ chuyên nghiệp tí đi ạ, nghe rác tạp âm thôi rồi luôn, nào tiếng chat chit nhảy loạn xạ, nào bị cắt âm ngắt đoạn... Quá uổng phí cho thí sinh tài năng năm nay!",Team Editor Rap Việt,negative,"vui lòng xử lý hậu kỳ chuyên nghiệp tí đi ạ, nghe rác tạp âm thôi rồi luôn",strong,STAGE_PRODUCTION
UgxX22c1Pvfp31DeaZl4AaABAg,"cá nhân mình thấy Team a Big có 4 bài thi hay nhất luôn, hay hơn cả bài của 24KvsYuno( cặp đôi đại chiến nón vàng). team a Big thi cuối thiệt thòi thật đấy",24KvsYuno,negative,hay hơn cả bài của 24KvsYuno,moderate,GENERAL
UgxX22c1Pvfp31DeaZl4AaABAg,"cá nhân mình thấy Team a Big có 4 bài thi hay nhất luôn, hay hơn cả bài của 24KvsYuno( cặp đôi đại chiến nón vàng). team a Big thi cuối thiệt thòi thật đấy",Team a Big,positive,cá nhân mình thấy Team a Big có 4 bài thi hay nhất luôn,strong,SONG
UgxX22c1Pvfp31DeaZl4AaABAg,"cá nhân mình thấy Team a Big có 4 bài thi hay nhất luôn, hay hơn cả bài của 24KvsYuno( cặp đôi đại chiến nón vàng). team a Big thi cuối thiệt thòi thật đấy",Team a Big,positive,team a Big thi cuối thiệt thòi thật đấy,moderate,TEAMWORK
UgxXKTmLOAnLsfchHxZ4AaABAg,"Yuno bai nay hay ne , nhung anh T da co 2 ban vao ck roi , tui hieu vi sao HCH vào",HCH,negative,"nhung anh T da co 2 ban vao ck roi , tui hieu vi sao HCH vào",mild,GENERAL
UgxXKTmLOAnLsfchHxZ4AaABAg,"Yuno bai nay hay ne , nhung anh T da co 2 ban vao ck roi , tui hieu vi sao HCH vào",Yuno,positive,bai nay hay ne,moderate,SONG
UgxXVflS0KD9-z3Y7o14AaABAg,Bảo anh quá đĩnh ❤🎉,Bảo anh,positive,quá đĩnh,strong,PERSONALITY
UgxXpwV597l7N0bO6dt4AaABAg,Có 1 năm nhưng thấy Rhyder phát triển rất đỉnh. Phần trình diễn ATSH rất tuyệt vời!,Rhyder,positive,có 1 năm nhưng thấy Rhyder phát triển rất đỉnh,strong,PERSONALITY
UgxXpwV597l7N0bO6dt4AaABAg,Có 1 năm nhưng thấy Rhyder phát triển rất đỉnh. Phần trình diễn ATSH rất tuyệt vời!,Rhyder,positive,Phần trình diễn ATSH rất tuyệt vời,strong,STAGE_PRODUCTION
UgxaCuqgCTANK_5KefN4AaABAg,Thích anh quang hùng nhất,anh quang hùng,positive,thích anh quang hùng nhất,strong,PERSONALITY
UgxaiCpx9jLMkT88ySp4AaABAg,"Hào quang vs Catch me quá đỉnh, mình k biết cách đánh giá chra khán giả tại trường quay ntn",Hào quang,positive,quá đỉnh,strong,SONG
UgxaiCpx9jLMkT88ySp4AaABAg,"Hào quang vs Catch me quá đỉnh, mình k biết cách đánh giá chra khán giả tại trường quay ntn",Catch me,positive,quá đỉnh,moderate,GENERAL
UgxaiCpx9jLMkT88ySp4AaABAg,"Hào quang vs Catch me quá đỉnh, mình k biết cách đánh giá chra khán giả tại trường quay ntn",khán giả tại trường quay,negative,mình k biết cách đánh giá chra khán giả tại trường quay ntn,moderate,GENERAL
UgxapWY7w5EmLbsIaNF4AaABAg,"Rap việt mong có suboi và Justatee,karik làm bạn giám khảo",Justatee,positive,"mong có suboi và Justatee,karik làm bạn giám khảo",moderate,GENERAL
UgxapWY7w5EmLbsIaNF4AaABAg,"Rap việt mong có suboi và Justatee,karik làm bạn giám khảo",suboi,positive,"mong có suboi và Justatee,karik làm bạn giám khảo",moderate,GENERAL
UgxapWY7w5EmLbsIaNF4AaABAg,"Rap việt mong có suboi và Justatee,karik làm bạn giám khảo",karik,positive,"mong có suboi và Justatee,karik làm bạn giám khảo",moderate,GENERAL
UgxbdIizNatcvGF80Gp4AaABAg,"Cày lại lần này là lần 6 trùng hợp trời thương đặt được vé day6 rùi ạaa, mong được nghe BLCN vang lên tại Mỹ Đình",BLCN,positive,mong được nghe BLCN vang lên tại Mỹ Đình,moderate,SONG
UgxgnxniJu2imtiwHK14AaABAg,MÃI ỦNG HỘ HIEUTHUHAI❤❤❤,HIEUTHUHAI,positive,MÃI ỦNG HỘ,strong,VOCAL
UgxhIOIaYyQv5S3Rmp14AaABAg,Xem chương trình này toàn đàn ông rất là vui vẻ hoà đồng thân thiện vs nhau . Xem sang the face toàn mấy mẻ làm khó làm dễ giận hờn rồi đủ thứ mệt ẻ 😂,anh trai say hi,positive,Xem chương trình này toàn đàn ông rất là vui vẻ hoà đồng thân thiện vs nhau,strong,GENERAL
UgxhIOIaYyQv5S3Rmp14AaABAg,Xem chương trình này toàn đàn ông rất là vui vẻ hoà đồng thân thiện vs nhau . Xem sang the face toàn mấy mẻ làm khó làm dễ giận hờn rồi đủ thứ mệt ẻ 😂,the face,negative,Xem sang the face toàn mấy mẻ làm khó làm dễ giận hờn rồi đủ thứ mệt ẻ,strong,GENERAL
UgxhPlJTGWop6kUkFw94AaABAg,Bé Negav nói chuyện mắc cười thấy cưng quá ❤,Bé Negav,positive,nói chuyện mắc cười thấy cưng quá,strong,PERSONALITY
Ugxhn0FEoDwiX9xjmBt4AaABAg,QH đẹp quá,QH,positive,đẹp quá,strong,PERSONALITY
Ugxj3j32aHZf_JzEEkF4AaABAg,"Kết thúc chương trình cũng lâu rồi mà vẫn lụy Quang Hùng MasterD . Ngày nào cũng xem từ fb sang tt rồi yt , những gì có liên quan đến Anh đều xem không chán luôn . 
Chỉ tiếc là đã không biết Anh sớm hơn thôi..",Quang Hùng MasterD,positive,"vẫn lụy Quang Hùng MasterD . Ngày nào cũng xem từ fb sang tt rồi yt , những gì có liên quan đến Anh đều xem không chán luôn . 
Chỉ tiếc là đã không biết Anh sớm hơn thôi..",strong,GENERAL
Ugxl8gjALmrQ28GUv4p4AaABAg,"Regret hay tuyệt luôn ấy, Ali trong bài này rất sáng, kiểu phô dc giọng hát của ảnh",Ali,positive,"trong bài này rất sáng, kiểu phô dc giọng hát của ảnh",strong,VOCAL
Ugxl8gjALmrQ28GUv4p4AaABAg,"Regret hay tuyệt luôn ấy, Ali trong bài này rất sáng, kiểu phô dc giọng hát của ảnh",Regret,positive,hay tuyệt luôn ấy,strong,SONG
Ugxm5bq1-Ys9CTUE1JJ4AaABAg,Má ông krik lại bảo smo95 về với anh bâu phí vcl nghe như kiểu ông clg cũng hay ý,krik,negative,nghe như kiểu ông clg cũng hay ý,strong,PERSONALITY
Ugxm5bq1-Ys9CTUE1JJ4AaABAg,Má ông krik lại bảo smo95 về với anh bâu phí vcl nghe như kiểu ông clg cũng hay ý,anh bâu,negative,về với anh bâu phí vcl,strong,GENERAL
Ugxm5bq1-Ys9CTUE1JJ4AaABAg,Má ông krik lại bảo smo95 về với anh bâu phí vcl nghe như kiểu ông clg cũng hay ý,smo95,neutral,về với anh bâu phí vcl,strong,GENERAL
UgxpjgzE500UtbRkQ114AaABAg,"Coi lại từ đầu,coi hoài luôn lụy CT quá ủng hộ 31 anh trai, mãi yêu NeGav.",31 anh trai,positive,ủng hộ 31 anh trai,strong,GENERAL
UgxpjgzE500UtbRkQ114AaABAg,"Coi lại từ đầu,coi hoài luôn lụy CT quá ủng hộ 31 anh trai, mãi yêu NeGav.",CT,positive,lụy CT quá ủng hộ,strong,SHOW_FORMAT
Ugxr50HxCs2fuP2ROMh4AaABAg,"Anh Quang Hùng cũng rất thành công trong sự nghiệp của mình và a cũng là một người mà mình đã rất hâm mộ a em mông anh mãi mãi ở trong lòng người hâm mộ và a cũng là một thần tượng của em,anh mãi là một người ở trong lòng em chúc anh thành công trong sự nghiệp của mình ❤️",Anh Quang Hùng,positive,"rất thành công trong sự nghiệp của mình và a cũng là một người mà mình đã rất hâm mộ a em mông anh mãi mãi ở trong lòng người hâm mộ và a cũng là một thần tượng của em,anh mãi là một người ở trong lòng em chúc anh thành công trong sự nghiệp của mình ❤️",strong,PERSONALITY
UgxtAOY8R9UdOAsO8l54AaABAg,"Nhìn Tee khóc thấy thương ghê, Karik chạy qua ôm cũng thương nữa",Karik,positive,chạy qua ôm cũng thương nữa,moderate,PERSONALITY
UgxtAOY8R9UdOAsO8l54AaABAg,"Nhìn Tee khóc thấy thương ghê, Karik chạy qua ôm cũng thương nữa",Tee,positive,khóc thấy thương ghê,moderate,PERSONALITY
UgxxnesQzO2Ec3AI-254AaABAg,"K ưa nỗi từ phạm đình thái ngân vừa tính ngưu vừa tỏ ra nguy hiểm, k ưa từ tỏ tình hoàn mỹ",phạm đình thái ngân,negative,K ưa nỗi từ phạm đình thái ngân vừa tính ngưu vừa tỏ ra nguy hiểm,strong,PERSONALITY
UgxxnesQzO2Ec3AI-254AaABAg,"K ưa nỗi từ phạm đình thái ngân vừa tính ngưu vừa tỏ ra nguy hiểm, k ưa từ tỏ tình hoàn mỹ",tỏ tình hoàn mỹ,negative,k ưa từ tỏ tình hoàn mỹ,strong,SONG
Ugy0cvMfWQX2v0f6iJd4AaABAg,Nổi Da Gà Mike Với Long,Long,positive,Nổi Da Gà Mike Với Long,strong,GENERAL
Ugy0cvMfWQX2v0f6iJd4AaABAg,Nổi Da Gà Mike Với Long,Mike,positive,Nổi Da Gà Mike Với Long,strong,GENERAL
Ugy2foD07fMB4jVCLXd4AaABAg,Giờ xem lại vẫn hayyy,Anh Trai Say Hi,positive,giờ xem lại vẫn hayyy,strong,GENERAL
Ugy2zPHXQg8iTyntwlR4AaABAg,"=)buồn vậy khán giả bình chọn kiểu gì vậy cứ thấy bất công, bài ngáo ngơ và regret hit nha mà đứng hạng quá thấp😢",khán giả,negative,khán giả bình chọn kiểu gì vậy cứ thấy bất công,strong,SHOW_FORMAT
Ugy2zPHXQg8iTyntwlR4AaABAg,"=)buồn vậy khán giả bình chọn kiểu gì vậy cứ thấy bất công, bài ngáo ngơ và regret hit nha mà đứng hạng quá thấp😢",ngáo ngơ,positive,hit nha mà đứng hạng quá thấp,strong,SONG
Ugy2zPHXQg8iTyntwlR4AaABAg,"=)buồn vậy khán giả bình chọn kiểu gì vậy cứ thấy bất công, bài ngáo ngơ và regret hit nha mà đứng hạng quá thấp😢",regret,positive,hit nha mà đứng hạng quá thấp,strong,SONG
Ugy8C2le8OMB2V_aMt94AaABAg,"Sao mình vẫn thấy Rap Việt đỉnh mãi đỉnh nhỉ. Cuốn thật sự và TT dẫn vẫn hay như ngày nào ❤❤❤ delivery của Pháp Kiều đúng chất Nicki Minaj nha ❤❤ đỉnh đỉnh , mà ca sĩ hỗ trợ cũng hay.
Ôi luống cuống khi type cmt vì quá keo đi àhhhhh",Rap Việt,positive,Rap Việt đỉnh mãi đỉnh nhỉ. Cuốn thật sự,strong,GENERAL
Ugy8C2le8OMB2V_aMt94AaABAg,"Sao mình vẫn thấy Rap Việt đỉnh mãi đỉnh nhỉ. Cuốn thật sự và TT dẫn vẫn hay như ngày nào ❤❤❤ delivery của Pháp Kiều đúng chất Nicki Minaj nha ❤❤ đỉnh đỉnh , mà ca sĩ hỗ trợ cũng hay.
Ôi luống cuống khi type cmt vì quá keo đi àhhhhh",TT,positive,dẫn vẫn hay như ngày nào,strong,PERFORMANCE
Ugy8C2le8OMB2V_aMt94AaABAg,"Sao mình vẫn thấy Rap Việt đỉnh mãi đỉnh nhỉ. Cuốn thật sự và TT dẫn vẫn hay như ngày nào ❤❤❤ delivery của Pháp Kiều đúng chất Nicki Minaj nha ❤❤ đỉnh đỉnh , mà ca sĩ hỗ trợ cũng hay.
Ôi luống cuống khi type cmt vì quá keo đi àhhhhh",Pháp Kiều,positive,delivery của Pháp Kiều đúng chất Nicki Minaj nha ❤❤ đỉnh đỉnh,strong,PERFORMANCE
Ugy8C2le8OMB2V_aMt94AaABAg,"Sao mình vẫn thấy Rap Việt đỉnh mãi đỉnh nhỉ. Cuốn thật sự và TT dẫn vẫn hay như ngày nào ❤❤❤ delivery của Pháp Kiều đúng chất Nicki Minaj nha ❤❤ đỉnh đỉnh , mà ca sĩ hỗ trợ cũng hay.
Ôi luống cuống khi type cmt vì quá keo đi àhhhhh",ca sĩ hỗ trợ,positive,ca sĩ hỗ trợ cũng hay,strong,GENERAL
Ugy8WUn3QJg9q4qJlpZ4AaABAg,Mike hay nhưng vòng này k có gì bứt phá và ấn tượng. Mk nghĩ D2T xứng đáng thắng vòng này hơn tiếc thật 😢,Mike,mixed,hay nhưng vòng này k có gì bứt phá và ấn tượng,moderate,PERFORMANCE
Ugy8WUn3QJg9q4qJlpZ4AaABAg,Mike hay nhưng vòng này k có gì bứt phá và ấn tượng. Mk nghĩ D2T xứng đáng thắng vòng này hơn tiếc thật 😢,D2T,positive,xứng đáng thắng vòng này hơn,strong,PERFORMANCE
Ugy9l2TYM5J85KMoRYp4AaABAg,team hiếu thu 2  2 bài đều hay voi bài của đức phúc hay nua,team hiếu thu,positive,team hiếu thu 2  2 bài đều hay,strong,SONG
Ugy9l2TYM5J85KMoRYp4AaABAg,team hiếu thu 2  2 bài đều hay voi bài của đức phúc hay nua,Đức Phúc,positive,bài của đức phúc hay nua,strong,SONG
UgyAkwUHvqBApcPNEHt4AaABAg,"Tiếc cho Alen, tiếc cho a Thái VG vì mất viên ngọc quý và thực sự phẫn nộ với kiểu bình chọn của khán giả.Chả lẽ h cứ phải đc quẩy như đi vào bar mới xứng đáng được đi tiếp à😢😢😢",Alen,neutral,Tiếc cho Alen,moderate,GENERAL
UgyAkwUHvqBApcPNEHt4AaABAg,"Tiếc cho Alen, tiếc cho a Thái VG vì mất viên ngọc quý và thực sự phẫn nộ với kiểu bình chọn của khán giả.Chả lẽ h cứ phải đc quẩy như đi vào bar mới xứng đáng được đi tiếp à😢😢😢",Alen,positive,viên ngọc quý,strong,GENERAL
UgyAkwUHvqBApcPNEHt4AaABAg,"Tiếc cho Alen, tiếc cho a Thái VG vì mất viên ngọc quý và thực sự phẫn nộ với kiểu bình chọn của khán giả.Chả lẽ h cứ phải đc quẩy như đi vào bar mới xứng đáng được đi tiếp à😢😢😢",a Thái VG,negative,tiếc cho a Thái VG vì mất viên ngọc quý,moderate,GENERAL
UgyAkwUHvqBApcPNEHt4AaABAg,"Tiếc cho Alen, tiếc cho a Thái VG vì mất viên ngọc quý và thực sự phẫn nộ với kiểu bình chọn của khán giả.Chả lẽ h cứ phải đc quẩy như đi vào bar mới xứng đáng được đi tiếp à😢😢😢",khán giả,negative,chả lẽ h cứ phải đc quẩy như đi vào bar mới xứng đáng được đi tiếp à,strong,SHOW_FORMAT
UgyAsRQAJDW84oQ66WJ4AaABAg,Trong 3 team mình thik team Andree và team anh Thái nhất,team Andree,positive,thik team Andree và team anh Thái nhất,moderate,TEAMWORK
UgyAsRQAJDW84oQ66WJ4AaABAg,Trong 3 team mình thik team Andree và team anh Thái nhất,team anh Thái,positive,thik team Andree và team anh Thái nhất,moderate,TEAMWORK
UgyBc-qnF7_txLrttxB4AaABAg,"Bài Người Tình Của Nắng nó dở ác thiệt chứ :))) Lily đúng dớp vào chương trình nào cũng flop, kéo theo luôn cả team có bả.",Lily,negative,"đúng dớp vào chương trình nào cũng flop, kéo theo luôn cả team có bả",strong,PERSONALITY
UgyBc-qnF7_txLrttxB4AaABAg,"Bài Người Tình Của Nắng nó dở ác thiệt chứ :))) Lily đúng dớp vào chương trình nào cũng flop, kéo theo luôn cả team có bả.",Bài Người Tình Của Nắng,negative,dở ác thiệt chứ,strong,SONG
UgyD2tbmHPOiKJMJout4AaABAg,"thích nhát bài của Quang Hùng , cậu này với Xuân Định có tài",Quang Hùng,positive,thích nhát bài của Quang Hùng,strong,SONG
UgyD2tbmHPOiKJMJout4AaABAg,"thích nhát bài của Quang Hùng , cậu này với Xuân Định có tài",Xuân Định,positive,có tài,strong,PERSONALITY
UgyD2tbmHPOiKJMJout4AaABAg,"thích nhát bài của Quang Hùng , cậu này với Xuân Định có tài",Quang Hùng,positive,cậu này với Xuân Định có tài,strong,PERSONALITY
UgyD6QLocgC6-G2SfbV4AaABAg,"Chương trình Ráp Việt rất hay nhưng MC cần thay đổi , Thành không phù hợp cho chương trình..!",MC,negative,MC cần thay đổi,moderate,GENERAL
UgyD6QLocgC6-G2SfbV4AaABAg,"Chương trình Ráp Việt rất hay nhưng MC cần thay đổi , Thành không phù hợp cho chương trình..!",Ráp Việt,positive,Chương trình Ráp Việt rất hay,strong,GENERAL
UgyD6QLocgC6-G2SfbV4AaABAg,"Chương trình Ráp Việt rất hay nhưng MC cần thay đổi , Thành không phù hợp cho chương trình..!",Thành,negative,Thành không phù hợp cho chương trình,strong,PERSONALITY
UgyEER43yudA5vZf0rx4AaABAg,Coi đi coi lại rất tiếc cho Cap và 2khang khi k thể hiện trong phần thi nhưng đã toả sáng trong chương trình và live show này rất đỉnh bùng nổ hết best dance thực sự bái phục các anh trai và giám khảo lụy quá huhu,Cap,positive,rất tiếc cho Cap,moderate,SHOW_FORMAT
UgyEER43yudA5vZf0rx4AaABAg,Coi đi coi lại rất tiếc cho Cap và 2khang khi k thể hiện trong phần thi nhưng đã toả sáng trong chương trình và live show này rất đỉnh bùng nổ hết best dance thực sự bái phục các anh trai và giám khảo lụy quá huhu,Cap,positive,đã toả sáng trong chương trình,strong,PERFORMANCE
UgyEER43yudA5vZf0rx4AaABAg,Coi đi coi lại rất tiếc cho Cap và 2khang khi k thể hiện trong phần thi nhưng đã toả sáng trong chương trình và live show này rất đỉnh bùng nổ hết best dance thực sự bái phục các anh trai và giám khảo lụy quá huhu,2khang,positive,rất tiếc cho Cap và 2khang khi k thể hiện trong phần thi,moderate,SHOW_FORMAT
UgyEER43yudA5vZf0rx4AaABAg,Coi đi coi lại rất tiếc cho Cap và 2khang khi k thể hiện trong phần thi nhưng đã toả sáng trong chương trình và live show này rất đỉnh bùng nổ hết best dance thực sự bái phục các anh trai và giám khảo lụy quá huhu,2khang,positive,đã toả sáng trong chương trình,strong,PERFORMANCE
UgyEER43yudA5vZf0rx4AaABAg,Coi đi coi lại rất tiếc cho Cap và 2khang khi k thể hiện trong phần thi nhưng đã toả sáng trong chương trình và live show này rất đỉnh bùng nổ hết best dance thực sự bái phục các anh trai và giám khảo lụy quá huhu,live show,positive,rất đỉnh bùng nổ hết,strong,GENERAL
UgyEER43yudA5vZf0rx4AaABAg,Coi đi coi lại rất tiếc cho Cap và 2khang khi k thể hiện trong phần thi nhưng đã toả sáng trong chương trình và live show này rất đỉnh bùng nổ hết best dance thực sự bái phục các anh trai và giám khảo lụy quá huhu,live show,positive,best dance thực sự,strong,PERFORMANCE
UgyEER43yudA5vZf0rx4AaABAg,Coi đi coi lại rất tiếc cho Cap và 2khang khi k thể hiện trong phần thi nhưng đã toả sáng trong chương trình và live show này rất đỉnh bùng nổ hết best dance thực sự bái phục các anh trai và giám khảo lụy quá huhu,live show,positive,lụy quá huhu,strong,GENERAL
UgyEER43yudA5vZf0rx4AaABAg,Coi đi coi lại rất tiếc cho Cap và 2khang khi k thể hiện trong phần thi nhưng đã toả sáng trong chương trình và live show này rất đỉnh bùng nổ hết best dance thực sự bái phục các anh trai và giám khảo lụy quá huhu,các anh trai,positive,bái phục các anh trai,strong,GENERAL
UgyEER43yudA5vZf0rx4AaABAg,Coi đi coi lại rất tiếc cho Cap và 2khang khi k thể hiện trong phần thi nhưng đã toả sáng trong chương trình và live show này rất đỉnh bùng nổ hết best dance thực sự bái phục các anh trai và giám khảo lụy quá huhu,giám khảo,positive,bái phục các anh trai và giám khảo,strong,GENERAL
UgyLf087ED4SMJLZ9rB4AaABAg,Lâm Bảo Ngọc hát hay quá,Lâm Bảo Ngọc,positive,hát hay quá,strong,VOCAL
UgyMwDb7XIsh4YZ2zLB4AaABAg,Negaz lỡ ra về chắc buồn chết😂😂 chêt cuoi vs oongt,Negaz,neutral,lỡ ra về chắc buồn chết😂😂,strong,GENERAL
UgyOidXCDOxYmFuwcGB4AaABAg,"oiii,team hieuthuhai đội trưởng,erik,jsol,atus cả team visual.hieuthuhai vs erik thì ko cần nói r.atus thì vocal rất đặc biệt,rất trong,rap cx hay.jsol là một người rất tài giỏi.T nghĩ jsol nên đc tìm thêm nhiều tài năng nữa.atus và jsol hay hài hài.nói chung nhóm này phải gọi là đỉnh",team hieuthuhai,positive,cả team visual,strong,VISUAL
UgyOidXCDOxYmFuwcGB4AaABAg,"oiii,team hieuthuhai đội trưởng,erik,jsol,atus cả team visual.hieuthuhai vs erik thì ko cần nói r.atus thì vocal rất đặc biệt,rất trong,rap cx hay.jsol là một người rất tài giỏi.T nghĩ jsol nên đc tìm thêm nhiều tài năng nữa.atus và jsol hay hài hài.nói chung nhóm này phải gọi là đỉnh",team hieuthuhai,positive,nói chung nhóm này phải gọi là đỉnh,strong,SHOW_FORMAT
UgyOidXCDOxYmFuwcGB4AaABAg,"oiii,team hieuthuhai đội trưởng,erik,jsol,atus cả team visual.hieuthuhai vs erik thì ko cần nói r.atus thì vocal rất đặc biệt,rất trong,rap cx hay.jsol là một người rất tài giỏi.T nghĩ jsol nên đc tìm thêm nhiều tài năng nữa.atus và jsol hay hài hài.nói chung nhóm này phải gọi là đỉnh",hieuthuhai,positive,ko cần nói r,moderate,GENERAL
UgyOidXCDOxYmFuwcGB4AaABAg,"oiii,team hieuthuhai đội trưởng,erik,jsol,atus cả team visual.hieuthuhai vs erik thì ko cần nói r.atus thì vocal rất đặc biệt,rất trong,rap cx hay.jsol là một người rất tài giỏi.T nghĩ jsol nên đc tìm thêm nhiều tài năng nữa.atus và jsol hay hài hài.nói chung nhóm này phải gọi là đỉnh",erik,positive,ko cần nói r,moderate,GENERAL
UgyOidXCDOxYmFuwcGB4AaABAg,"oiii,team hieuthuhai đội trưởng,erik,jsol,atus cả team visual.hieuthuhai vs erik thì ko cần nói r.atus thì vocal rất đặc biệt,rất trong,rap cx hay.jsol là một người rất tài giỏi.T nghĩ jsol nên đc tìm thêm nhiều tài năng nữa.atus và jsol hay hài hài.nói chung nhóm này phải gọi là đỉnh",atus,positive,"vocal rất đặc biệt,rất trong",strong,VOCAL
UgyOidXCDOxYmFuwcGB4AaABAg,"oiii,team hieuthuhai đội trưởng,erik,jsol,atus cả team visual.hieuthuhai vs erik thì ko cần nói r.atus thì vocal rất đặc biệt,rất trong,rap cx hay.jsol là một người rất tài giỏi.T nghĩ jsol nên đc tìm thêm nhiều tài năng nữa.atus và jsol hay hài hài.nói chung nhóm này phải gọi là đỉnh",atus,positive,rap cx hay,moderate,PERFORMANCE
UgyOidXCDOxYmFuwcGB4AaABAg,"oiii,team hieuthuhai đội trưởng,erik,jsol,atus cả team visual.hieuthuhai vs erik thì ko cần nói r.atus thì vocal rất đặc biệt,rất trong,rap cx hay.jsol là một người rất tài giỏi.T nghĩ jsol nên đc tìm thêm nhiều tài năng nữa.atus và jsol hay hài hài.nói chung nhóm này phải gọi là đỉnh",atus,positive,hay hài hài,moderate,PERSONALITY
UgyOidXCDOxYmFuwcGB4AaABAg,"oiii,team hieuthuhai đội trưởng,erik,jsol,atus cả team visual.hieuthuhai vs erik thì ko cần nói r.atus thì vocal rất đặc biệt,rất trong,rap cx hay.jsol là một người rất tài giỏi.T nghĩ jsol nên đc tìm thêm nhiều tài năng nữa.atus và jsol hay hài hài.nói chung nhóm này phải gọi là đỉnh",jsol,positive,là một người rất tài giỏi,strong,GENERAL
UgyOidXCDOxYmFuwcGB4AaABAg,"oiii,team hieuthuhai đội trưởng,erik,jsol,atus cả team visual.hieuthuhai vs erik thì ko cần nói r.atus thì vocal rất đặc biệt,rất trong,rap cx hay.jsol là một người rất tài giỏi.T nghĩ jsol nên đc tìm thêm nhiều tài năng nữa.atus và jsol hay hài hài.nói chung nhóm này phải gọi là đỉnh",jsol,positive,nên đc tìm thêm nhiều tài năng nữa,moderate,GENERAL
UgyOidXCDOxYmFuwcGB4AaABAg,"oiii,team hieuthuhai đội trưởng,erik,jsol,atus cả team visual.hieuthuhai vs erik thì ko cần nói r.atus thì vocal rất đặc biệt,rất trong,rap cx hay.jsol là một người rất tài giỏi.T nghĩ jsol nên đc tìm thêm nhiều tài năng nữa.atus và jsol hay hài hài.nói chung nhóm này phải gọi là đỉnh",jsol,positive,hay hài hài,moderate,PERSONALITY
UgyQ78b5L0kN038hrqV4AaABAg,Ôi bài thi sĩ hay vãi không hot nhỉ,bài thi sĩ,positive,hay vãi không hot,strong,SONG
UgyQEVJRIWyj_KNd9Ml4AaABAg,"h mới xem atsh, mới biết Tage cx tham gia, thích ổng từ bài lớp 12, ko hiểu sao h mặt ổng có nhìn hơi cọc vs dữ nhưng mà tui vẫn thấy mắc cười á :)), ổng cười còn đẹp dth nữa chứ",Tage,positive,thích ổng từ bài lớp 12,moderate,SONG
UgyQEVJRIWyj_KNd9Ml4AaABAg,"h mới xem atsh, mới biết Tage cx tham gia, thích ổng từ bài lớp 12, ko hiểu sao h mặt ổng có nhìn hơi cọc vs dữ nhưng mà tui vẫn thấy mắc cười á :)), ổng cười còn đẹp dth nữa chứ",Tage,neutral,nhìn hơi cọc vs dữ,mild,VISUAL
UgyQEVJRIWyj_KNd9Ml4AaABAg,"h mới xem atsh, mới biết Tage cx tham gia, thích ổng từ bài lớp 12, ko hiểu sao h mặt ổng có nhìn hơi cọc vs dữ nhưng mà tui vẫn thấy mắc cười á :)), ổng cười còn đẹp dth nữa chứ",Tage,positive,tui vẫn thấy mắc cười á :)),moderate,PERSONALITY
UgyQEVJRIWyj_KNd9Ml4AaABAg,"h mới xem atsh, mới biết Tage cx tham gia, thích ổng từ bài lớp 12, ko hiểu sao h mặt ổng có nhìn hơi cọc vs dữ nhưng mà tui vẫn thấy mắc cười á :)), ổng cười còn đẹp dth nữa chứ",Tage,positive,ổng cười còn đẹp dth nữa chứ,strong,VISUAL
UgyRwMjgBaNXgD8y8kp4AaABAg,I LoVe DOUBLE2TTTTTTTTTTTTTT❤❤❤❤❤❤🎉🎉🎉🎉,DOUBLE2TTTTTTTTTTTTTT,positive,I LoVe DOUBLE2TTTTTTTTTTTTTT❤❤❤❤❤❤🎉🎉🎉🎉,strong,VISUAL
UgySC0j-wahdzczHIIJ4AaABAg,Xem đi xem lại vẫn cứ thích bài 10/10 nhất luôn ấy nhưng sao mọi người ở trường quay lại vote top 6,bài 10/10,positive,thích bài 10/10 nhất,strong,VOCAL
UgySC0j-wahdzczHIIJ4AaABAg,Xem đi xem lại vẫn cứ thích bài 10/10 nhất luôn ấy nhưng sao mọi người ở trường quay lại vote top 6,mọi người ở trường quay,negative,nhưng sao mọi người ở trường quay lại vote top 6,moderate,SHOW_FORMAT
UgyT1xwv9VHH_Jibjwx4AaABAg,Đức Phúc siêu dthw luôn mn ơi🥰,Đức Phúc,positive,siêu dthw luôn mn ơi🥰,strong,PERSONALITY
UgyTpXqRRW5KQDIO9lZ4AaABAg,Dương domic với Hùng huỳnh lúc nào mặt cũng sáng trưng như gắn đèn vậy.,Dương domic,mixed,lúc nào mặt cũng sáng trưng như gắn đèn,strong,VISUAL
UgyTpXqRRW5KQDIO9lZ4AaABAg,Dương domic với Hùng huỳnh lúc nào mặt cũng sáng trưng như gắn đèn vậy.,Hùng huỳnh,mixed,lúc nào mặt cũng sáng trưng như gắn đèn,strong,VISUAL
UgyXfuwJxDnIcAjrR8Z4AaABAg,Đã mê Dương Domic rồi h nghe bài Bao lời con chưa nói còn mê hơn. Thích ctrinh atsh quá,Dương Domic,positive,Đã mê Dương Domic rồi,strong,PERSONALITY
UgyXfuwJxDnIcAjrR8Z4AaABAg,Đã mê Dương Domic rồi h nghe bài Bao lời con chưa nói còn mê hơn. Thích ctrinh atsh quá,ctrinh atsh,positive,thích ctrinh atsh quá,strong,SHOW_FORMAT
UgyXfuwJxDnIcAjrR8Z4AaABAg,Đã mê Dương Domic rồi h nghe bài Bao lời con chưa nói còn mê hơn. Thích ctrinh atsh quá,Dương Domic,positive,h nghe bài Bao lời con chưa nói còn mê hơn,strong,SONG
UgyYGKAm3HGVyJbhz5N4AaABAg,"DT và Hurry hai bài rap quá đỉnh ,  vào luôn chung kết cho nhanh .
 Riêng Minh Lai phế vãi , Liu G thì có cái màu rap mãi phát ngán , đây là cái show giải trí đấy chứ thi rap thực sự thì đu theo thế đéo nào được .",DT,positive,bài rap quá đỉnh,strong,PERFORMANCE
UgyYGKAm3HGVyJbhz5N4AaABAg,"DT và Hurry hai bài rap quá đỉnh ,  vào luôn chung kết cho nhanh .
 Riêng Minh Lai phế vãi , Liu G thì có cái màu rap mãi phát ngán , đây là cái show giải trí đấy chứ thi rap thực sự thì đu theo thế đéo nào được .",DT,positive,vào luôn chung kết cho nhanh,strong,GENERAL
UgyYGKAm3HGVyJbhz5N4AaABAg,"DT và Hurry hai bài rap quá đỉnh ,  vào luôn chung kết cho nhanh .
 Riêng Minh Lai phế vãi , Liu G thì có cái màu rap mãi phát ngán , đây là cái show giải trí đấy chứ thi rap thực sự thì đu theo thế đéo nào được .",Hurry,positive,bài rap quá đỉnh,strong,PERFORMANCE
UgyYGKAm3HGVyJbhz5N4AaABAg,"DT và Hurry hai bài rap quá đỉnh ,  vào luôn chung kết cho nhanh .
 Riêng Minh Lai phế vãi , Liu G thì có cái màu rap mãi phát ngán , đây là cái show giải trí đấy chứ thi rap thực sự thì đu theo thế đéo nào được .",Hurry,positive,vào luôn chung kết cho nhanh,strong,GENERAL
UgyYGKAm3HGVyJbhz5N4AaABAg,"DT và Hurry hai bài rap quá đỉnh ,  vào luôn chung kết cho nhanh .
 Riêng Minh Lai phế vãi , Liu G thì có cái màu rap mãi phát ngán , đây là cái show giải trí đấy chứ thi rap thực sự thì đu theo thế đéo nào được .",Minh Lai,negative,phế vãi,strong,PERSONALITY
UgyYGKAm3HGVyJbhz5N4AaABAg,"DT và Hurry hai bài rap quá đỉnh ,  vào luôn chung kết cho nhanh .
 Riêng Minh Lai phế vãi , Liu G thì có cái màu rap mãi phát ngán , đây là cái show giải trí đấy chứ thi rap thực sự thì đu theo thế đéo nào được .",Liu G,negative,"có cái màu rap mãi phát ngán , đây là cái show giải trí đấy chứ thi rap thực sự thì đu theo thế đéo nào được",strong,PERFORMANCE
UgyYTqOm_DTQeLz6VfF4AaABAg,"Bao lời con chưa nói của team Atus thật sự xúc động, Dương viết quá tốt luôn ạ",Dương,positive,Dương viết quá tốt luôn ạ,strong,SONG
UgyYTqOm_DTQeLz6VfF4AaABAg,"Bao lời con chưa nói của team Atus thật sự xúc động, Dương viết quá tốt luôn ạ",team Atus,positive,Bao lời con chưa nói của team Atus thật sự xúc động,strong,TEAMWORK
UgyYTqOm_DTQeLz6VfF4AaABAg,"Bao lời con chưa nói của team Atus thật sự xúc động, Dương viết quá tốt luôn ạ",Bao lời con chưa nói,positive,thật sự xúc động,strong,SONG
UgyZthsOuatFCDVxQo54AaABAg,Ước Quang Trung vẫn ở lại 😢,Ước Quang Trung,positive,vẫn ở lại,moderate,PERSONALITY
Ugy_3_sf0uNcV5cjyAB4AaABAg,"Từ em xinh qua xem cái này, thấy mấy anh trai dù thắng hay thua vẫn tỏ sự vui vẻ và respect với đội bạn , nhưng trong em xinh nhiều khi thấy đội bạn thắng cái là ngồi buồn luôn nó hơi cảm giác hơn thua quá lun",mấy anh trai,positive,dù thắng hay thua vẫn tỏ sự vui vẻ và respect với đội bạn,strong,PERSONALITY
Ugy_3_sf0uNcV5cjyAB4AaABAg,"Từ em xinh qua xem cái này, thấy mấy anh trai dù thắng hay thua vẫn tỏ sự vui vẻ và respect với đội bạn , nhưng trong em xinh nhiều khi thấy đội bạn thắng cái là ngồi buồn luôn nó hơi cảm giác hơn thua quá lun",em xinh,negative,thấy đội bạn thắng cái là ngồi buồn luôn nó hơi cảm giác hơn thua quá lun,moderate,PERSONALITY
UgyaNucnSWzMhfjxvt94AaABAg,Mỗi lần quay đến Atus sáng quá troi lun á,Atus,positive,quay đến Atus sáng quá troi,strong,VISUAL
UgyggLkJUiek2CPB3QV4AaABAg,""" Anh biết rồi"" là bài hát ngày nào mình cũng nghe mấy chục lần mỗi ngày mà không biết chán là gì, mê cái giai điệu này quá đi. Một phần trình diễn phải nói là hoàn hảo, cuốn quá luôn. Một mùa hè ý nghĩa khi có ATSH đối với một người yêu  âm nhạc như mình, toàn những bài nhạc mới và hay. Đặc biệt ấn tượng bởi anh trai Rhyder, siêu mê.",Anh biết rồi,positive,"bài hát ngày nào mình cũng nghe mấy chục lần mỗi ngày mà không biết chán là gì, mê cái giai điệu này quá đi",strong,SONG
UgyggLkJUiek2CPB3QV4AaABAg,""" Anh biết rồi"" là bài hát ngày nào mình cũng nghe mấy chục lần mỗi ngày mà không biết chán là gì, mê cái giai điệu này quá đi. Một phần trình diễn phải nói là hoàn hảo, cuốn quá luôn. Một mùa hè ý nghĩa khi có ATSH đối với một người yêu  âm nhạc như mình, toàn những bài nhạc mới và hay. Đặc biệt ấn tượng bởi anh trai Rhyder, siêu mê.",Anh biết rồi,positive,"Một phần trình diễn phải nói là hoàn hảo, cuốn quá luôn",strong,PERFORMANCE
UgyggLkJUiek2CPB3QV4AaABAg,""" Anh biết rồi"" là bài hát ngày nào mình cũng nghe mấy chục lần mỗi ngày mà không biết chán là gì, mê cái giai điệu này quá đi. Một phần trình diễn phải nói là hoàn hảo, cuốn quá luôn. Một mùa hè ý nghĩa khi có ATSH đối với một người yêu  âm nhạc như mình, toàn những bài nhạc mới và hay. Đặc biệt ấn tượng bởi anh trai Rhyder, siêu mê.",ATSH,positive,Một mùa hè ý nghĩa khi có ATSH đối với một người yêu  âm nhạc như mình,strong,SONG
UgyggLkJUiek2CPB3QV4AaABAg,""" Anh biết rồi"" là bài hát ngày nào mình cũng nghe mấy chục lần mỗi ngày mà không biết chán là gì, mê cái giai điệu này quá đi. Một phần trình diễn phải nói là hoàn hảo, cuốn quá luôn. Một mùa hè ý nghĩa khi có ATSH đối với một người yêu  âm nhạc như mình, toàn những bài nhạc mới và hay. Đặc biệt ấn tượng bởi anh trai Rhyder, siêu mê.",Rhyder,positive,"Đặc biệt ấn tượng bởi anh trai Rhyder, siêu mê",strong,GENERAL
UgyhmZjm_1sPPgNsOrR4AaABAg,Nhìn ông Tú vs ông Kong hài vãi,ông Kong,positive,Nhìn ông Tú vs ông Kong hài vãi,strong,PERSONALITY
UgyhmZjm_1sPPgNsOrR4AaABAg,Nhìn ông Tú vs ông Kong hài vãi,ông Tú,positive,Nhìn ông Tú vs ông Kong hài vãi,strong,PERSONALITY
UgyidqFTX3oGswHEt7F4AaABAg,"Cày lại thấy vẫn mắc cười =))) team bị khịa vậy mà anh Đức Phúc cứ ""hay thế, hay thế"" =)))",Anh Đức Phúc,positive,"vẫn mắc cười =))) team bị khịa vậy mà anh Đức Phúc cứ ""hay thế, hay thế"" =)))",strong,PERSONALITY
UgyjXSbW-rrcmrZYigh4AaABAg,K bài nào nghe lại ngoài bài của HCH,HCH,positive,K bài nào nghe lại ngoài bài của HCH,strong,SONG
UgyjxafyynUnY4aQt7x4AaABAg,"ôi giọng Dương, Quang Trung hát bài này siêu cảm động 🥹",Dương,positive,hát bài này siêu cảm động,strong,VOCAL
UgyjxafyynUnY4aQt7x4AaABAg,"ôi giọng Dương, Quang Trung hát bài này siêu cảm động 🥹",Quang Trung,positive,hát bài này siêu cảm động,strong,VOCAL
Ugyl1OKieRzv0iOJF2V4AaABAg,Yêu Quang Hùng Master D lắm lun❤❤❤ dễ thương vô cùng❤❤❤❤❤,Quang Hùng Master D,positive,Yêu Quang Hùng Master D lắm lun❤❤❤ dễ thương vô cùng❤❤❤❤❤,strong,PERSONALITY
UgylnGnJVgzVEFCVZ3F4AaABAg,"cái khúc 2:22:52 thấy m.n nhảy đằng trước bỗng thấp thoáng 1 mình TAGE phiêu phía sau, nhìn cưng dễ sợ, rất cute.
M thấy chung kết 2 chất lượng bài hát tốt hơn chung kết 1 á. Thật sự ấn tượng với concept và giọng hát Đức Phúc, Tú Voi và Quang Hùng. Nhạc hay quá trời, nổi da gà nhất là đoạn cao trào của Tú Voi.",TAGE,positive,"phiêu phía sau, nhìn cưng dễ sợ, rất cute",strong,PERSONALITY
UgylnGnJVgzVEFCVZ3F4AaABAg,"cái khúc 2:22:52 thấy m.n nhảy đằng trước bỗng thấp thoáng 1 mình TAGE phiêu phía sau, nhìn cưng dễ sợ, rất cute.
M thấy chung kết 2 chất lượng bài hát tốt hơn chung kết 1 á. Thật sự ấn tượng với concept và giọng hát Đức Phúc, Tú Voi và Quang Hùng. Nhạc hay quá trời, nổi da gà nhất là đoạn cao trào của Tú Voi.",chung kết 2,positive,chất lượng bài hát tốt hơn chung kết 1,strong,SONG
UgylnGnJVgzVEFCVZ3F4AaABAg,"cái khúc 2:22:52 thấy m.n nhảy đằng trước bỗng thấp thoáng 1 mình TAGE phiêu phía sau, nhìn cưng dễ sợ, rất cute.
M thấy chung kết 2 chất lượng bài hát tốt hơn chung kết 1 á. Thật sự ấn tượng với concept và giọng hát Đức Phúc, Tú Voi và Quang Hùng. Nhạc hay quá trời, nổi da gà nhất là đoạn cao trào của Tú Voi.","Đức Phúc, Tú Voi và Quang Hùng",positive,Thật sự ấn tượng với concept,strong,STAGE_PRODUCTION
UgylnGnJVgzVEFCVZ3F4AaABAg,"cái khúc 2:22:52 thấy m.n nhảy đằng trước bỗng thấp thoáng 1 mình TAGE phiêu phía sau, nhìn cưng dễ sợ, rất cute.
M thấy chung kết 2 chất lượng bài hát tốt hơn chung kết 1 á. Thật sự ấn tượng với concept và giọng hát Đức Phúc, Tú Voi và Quang Hùng. Nhạc hay quá trời, nổi da gà nhất là đoạn cao trào của Tú Voi.","Đức Phúc, Tú Voi và Quang Hùng",positive,Thật sự ấn tượng với concept và giọng hát,strong,VOCAL
UgylnGnJVgzVEFCVZ3F4AaABAg,"cái khúc 2:22:52 thấy m.n nhảy đằng trước bỗng thấp thoáng 1 mình TAGE phiêu phía sau, nhìn cưng dễ sợ, rất cute.
M thấy chung kết 2 chất lượng bài hát tốt hơn chung kết 1 á. Thật sự ấn tượng với concept và giọng hát Đức Phúc, Tú Voi và Quang Hùng. Nhạc hay quá trời, nổi da gà nhất là đoạn cao trào của Tú Voi.",bài hát,positive,Nhạc hay quá trời,strong,SONG
UgylnGnJVgzVEFCVZ3F4AaABAg,"cái khúc 2:22:52 thấy m.n nhảy đằng trước bỗng thấp thoáng 1 mình TAGE phiêu phía sau, nhìn cưng dễ sợ, rất cute.
M thấy chung kết 2 chất lượng bài hát tốt hơn chung kết 1 á. Thật sự ấn tượng với concept và giọng hát Đức Phúc, Tú Voi và Quang Hùng. Nhạc hay quá trời, nổi da gà nhất là đoạn cao trào của Tú Voi.",Tú Voi,positive,nổi da gà nhất là đoạn cao trào của Tú Voi,strong,VOCAL
UgypfmydWz0eSAXYPs54AaABAg,Nói thẳng ra là SMO về team anh Thái VG khai thác tìm năng là quán quân chắc,SMO,positive,quán quân chắc,strong,GENERAL
UgypfmydWz0eSAXYPs54AaABAg,Nói thẳng ra là SMO về team anh Thái VG khai thác tìm năng là quán quân chắc,anh Thái VG,positive,về team anh Thái VG khai thác tìm năng là quán quân chắc,strong,TEAMWORK
UgyuQUQ31jv9aiJR0Bt4AaABAg,Bài của HTH nghe cuốn cuốn í nhờ 🎉,HTH,positive,nghe cuốn cuốn í,strong,SONG
UgyubzMDxFqfKTyEHLt4AaABAg,xem lại thấy phần dance của Vũ Thịnh hay mà khán giả chấm lại thấp😢,Vũ Thịnh,positive,phần dance của Vũ Thịnh hay,moderate,PERFORMANCE
UgyubzMDxFqfKTyEHLt4AaABAg,xem lại thấy phần dance của Vũ Thịnh hay mà khán giả chấm lại thấp😢,khán giả,negative,khán giả chấm lại thấp😢,moderate,SHOW_FORMAT
UgyvRUofaRh8e2R0gjd4AaABAg,Thương đội vũ thịnh quá khán giả quá bất công,đội vũ thịnh,positive,Thương đội vũ thịnh quá,strong,GENERAL
UgyvRUofaRh8e2R0gjd4AaABAg,Thương đội vũ thịnh quá khán giả quá bất công,khán giả,negative,quá bất công,strong,SHOW_FORMAT
Ugyv_I80rs7yEQRTYGp4AaABAg,12 . Rhyder quá xuất sắc,Rhyder,positive,quá xuất sắc,strong,VOCAL
Ugyx-mf-x11veZrSiE14AaABAg,iu cái cách atus lẻn lẻn đi ra phía sau,atus,positive,iu cái cách atus lẻn lẻn đi ra phía sau,moderate,PERSONALITY
Ugyy7_s5OQ_UYvjimjh4AaABAg,Vũ Thịnh nhảy giỏi và cố gắng rõ luôn mà khán giả bình chọn bất công quá trời luôn,Vũ Thịnh,positive,nhảy giỏi và cố gắng rõ luôn,strong,PERFORMANCE
Ugyy7_s5OQ_UYvjimjh4AaABAg,Vũ Thịnh nhảy giỏi và cố gắng rõ luôn mà khán giả bình chọn bất công quá trời luôn,khán giả,negative,bình chọn bất công quá trời luôn,strong,SHOW_FORMAT
Ugyz00eVC93mTXItTq54AaABAg,Quang Hùng là người tôi yêu,Quang Hùng,positive,người tôi yêu,strong,PERSONALITY
UgyzVKCMtw1WMBHkoNF4AaABAg,Rhyder với Captain giỏi lắm luôn ý❤❤😊,Captain,positive,giỏi lắm luôn ý❤❤😊,strong,GENERAL
UgyzVKCMtw1WMBHkoNF4AaABAg,Rhyder với Captain giỏi lắm luôn ý❤❤😊,Rhyder,positive,giỏi lắm luôn ý❤❤😊,strong,GENERAL
Ugz-oQRv6j-Gsj7gLmV4AaABAg,"Mặc dù t fan quang hùng với isaac nhưng thấy nhóm 10/10 hay mà xếp cuối, trong khi nhóm nhảy rất đẹp :)))))",nhóm 10/10,positive,nhóm nhảy rất đẹp,strong,TEAMWORK
Ugz0zqg8Dq9DQ2hPJ9h4AaABAg,Dương siu dễ thx tr owiiiiiii ❤,Dương siu,positive,dễ thx tr owiiiiiii ❤,strong,PERFORMANCE
Ugz1n_xPcdCXijbPe514AaABAg,"Thật sự Bray làm hlv rất tốt, nguyên cả team ai cũng bùng nổ và cải thiện hay hơn, rất tiếc khi Umie đã ra về nhưng cũng mong hành trình sự nghiệp tới của Umie sau Rap Việt, đây sẽ là bước tiến trong con đường của chị ❤",Bray,positive,làm hlv rất tốt,strong,GENERAL
Ugz1n_xPcdCXijbPe514AaABAg,"Thật sự Bray làm hlv rất tốt, nguyên cả team ai cũng bùng nổ và cải thiện hay hơn, rất tiếc khi Umie đã ra về nhưng cũng mong hành trình sự nghiệp tới của Umie sau Rap Việt, đây sẽ là bước tiến trong con đường của chị ❤",team Bray,positive,nguyên cả team ai cũng bùng nổ và cải thiện hay hơn,strong,TEAMWORK
Ugz1n_xPcdCXijbPe514AaABAg,"Thật sự Bray làm hlv rất tốt, nguyên cả team ai cũng bùng nổ và cải thiện hay hơn, rất tiếc khi Umie đã ra về nhưng cũng mong hành trình sự nghiệp tới của Umie sau Rap Việt, đây sẽ là bước tiến trong con đường của chị ❤",Umie,negative,rất tiếc khi Umie đã ra về,moderate,SHOW_FORMAT
Ugz1n_xPcdCXijbPe514AaABAg,"Thật sự Bray làm hlv rất tốt, nguyên cả team ai cũng bùng nổ và cải thiện hay hơn, rất tiếc khi Umie đã ra về nhưng cũng mong hành trình sự nghiệp tới của Umie sau Rap Việt, đây sẽ là bước tiến trong con đường của chị ❤",Umie,positive,"mong hành trình sự nghiệp tới của Umie sau Rap Việt, đây sẽ là bước tiến trong con đường của chị ❤",strong,GENERAL
Ugz2QfJZCHOG0_GKJRR4AaABAg,Dàn HLV này có mỗi Adree là sâu sắc. Thai VG thì ko bàn vì cậu ta ko hiểu tiếng Việt nhiều. Nhưng Big Daddy hay Bray thì nông cạn lắm. Chỉ chọn thí sinh hát nhạc giải trí thôi,Big Daddy,negative,nông cạn lắm. Chỉ chọn thí sinh hát nhạc giải trí thôi,strong,PERSONALITY
Ugz2QfJZCHOG0_GKJRR4AaABAg,Dàn HLV này có mỗi Adree là sâu sắc. Thai VG thì ko bàn vì cậu ta ko hiểu tiếng Việt nhiều. Nhưng Big Daddy hay Bray thì nông cạn lắm. Chỉ chọn thí sinh hát nhạc giải trí thôi,Bray,negative,nông cạn lắm. Chỉ chọn thí sinh hát nhạc giải trí thôi,strong,PERSONALITY
Ugz2QfJZCHOG0_GKJRR4AaABAg,Dàn HLV này có mỗi Adree là sâu sắc. Thai VG thì ko bàn vì cậu ta ko hiểu tiếng Việt nhiều. Nhưng Big Daddy hay Bray thì nông cạn lắm. Chỉ chọn thí sinh hát nhạc giải trí thôi,Thai VG,neutral,Thai VG thì ko bàn vì cậu ta ko hiểu tiếng Việt nhiều,moderate,GENERAL
Ugz2jRgEajzDPR-1lPt4AaABAg,Cmt kh thấy ai khen Dương Domic ta :))) bài Tràn bộ nhớ hay vch tới viruss cũng khen mà sao lạ nhỉ,Dương Domic,positive,Cmt kh thấy ai khen Dương Domic ta :))) bài Tràn bộ nhớ hay vch tới viruss cũng khen mà sao lạ nhỉ,strong,GENERAL
Ugz2jRgEajzDPR-1lPt4AaABAg,Cmt kh thấy ai khen Dương Domic ta :))) bài Tràn bộ nhớ hay vch tới viruss cũng khen mà sao lạ nhỉ,Tràn bộ nhớ,positive,hay vch tới viruss cũng khen,strong,SONG
Ugz2wYX-bLkmwLfBlUh4AaABAg,hay quá vẫn thích bài của Dlow vs H,Dlow,positive,hay quá vẫn thích bài của Dlow,strong,PERFORMANCE
Ugz2wYX-bLkmwLfBlUh4AaABAg,hay quá vẫn thích bài của Dlow vs H,H,positive,hay quá vẫn thích bài của Dlow vs H,strong,PERFORMANCE
Ugz39I1Ej4oYD0q7MHJ4AaABAg,"nghe bài của BRay cảm giác rùng mình, thật sự quá đỉnh, Right thật sự xứng đáng cho ngôi quán quân, cái hit À Lôi ngay trong thời gian diễn ra chương trình đã kéo hết phiếu bình chọn của fan hâm mộ cho D2T, nhưng dù sao âm nhạc của D2T đã truyền cảm hứng cho rất nhiều bạn trẻ, mình hoàn toàn đồng ý với kết quả này, chương trình năm nay rất thành công",bài của BRay,positive,"nghe bài của BRay cảm giác rùng mình, thật sự quá đỉnh",strong,SONG
Ugz39I1Ej4oYD0q7MHJ4AaABAg,"nghe bài của BRay cảm giác rùng mình, thật sự quá đỉnh, Right thật sự xứng đáng cho ngôi quán quân, cái hit À Lôi ngay trong thời gian diễn ra chương trình đã kéo hết phiếu bình chọn của fan hâm mộ cho D2T, nhưng dù sao âm nhạc của D2T đã truyền cảm hứng cho rất nhiều bạn trẻ, mình hoàn toàn đồng ý với kết quả này, chương trình năm nay rất thành công",Right,positive,thật sự xứng đáng cho ngôi quán quân,strong,GENERAL
Ugz39I1Ej4oYD0q7MHJ4AaABAg,"nghe bài của BRay cảm giác rùng mình, thật sự quá đỉnh, Right thật sự xứng đáng cho ngôi quán quân, cái hit À Lôi ngay trong thời gian diễn ra chương trình đã kéo hết phiếu bình chọn của fan hâm mộ cho D2T, nhưng dù sao âm nhạc của D2T đã truyền cảm hứng cho rất nhiều bạn trẻ, mình hoàn toàn đồng ý với kết quả này, chương trình năm nay rất thành công",À Lôi,positive,kéo hết phiếu bình chọn của fan hâm mộ cho D2T,strong,SONG
Ugz39I1Ej4oYD0q7MHJ4AaABAg,"nghe bài của BRay cảm giác rùng mình, thật sự quá đỉnh, Right thật sự xứng đáng cho ngôi quán quân, cái hit À Lôi ngay trong thời gian diễn ra chương trình đã kéo hết phiếu bình chọn của fan hâm mộ cho D2T, nhưng dù sao âm nhạc của D2T đã truyền cảm hứng cho rất nhiều bạn trẻ, mình hoàn toàn đồng ý với kết quả này, chương trình năm nay rất thành công",D2T,positive,âm nhạc của D2T đã truyền cảm hứng cho rất nhiều bạn trẻ,strong,SONG
Ugz39I1Ej4oYD0q7MHJ4AaABAg,"nghe bài của BRay cảm giác rùng mình, thật sự quá đỉnh, Right thật sự xứng đáng cho ngôi quán quân, cái hit À Lôi ngay trong thời gian diễn ra chương trình đã kéo hết phiếu bình chọn của fan hâm mộ cho D2T, nhưng dù sao âm nhạc của D2T đã truyền cảm hứng cho rất nhiều bạn trẻ, mình hoàn toàn đồng ý với kết quả này, chương trình năm nay rất thành công",Rap Việt,positive,mình hoàn toàn đồng ý với kết quả này,strong,SHOW_FORMAT
Ugz39I1Ej4oYD0q7MHJ4AaABAg,"nghe bài của BRay cảm giác rùng mình, thật sự quá đỉnh, Right thật sự xứng đáng cho ngôi quán quân, cái hit À Lôi ngay trong thời gian diễn ra chương trình đã kéo hết phiếu bình chọn của fan hâm mộ cho D2T, nhưng dù sao âm nhạc của D2T đã truyền cảm hứng cho rất nhiều bạn trẻ, mình hoàn toàn đồng ý với kết quả này, chương trình năm nay rất thành công",Rap Việt,positive,chương trình năm nay rất thành công,strong,GENERAL
Ugz4-1leYEOWIyjTlrp4AaABAg,giỏi quá luôn team Negav vào 2 bài khó nhất nhưng 2 bài lại siêu hit bây giờ,team Negav,positive,vào 2 bài khó nhất nhưng 2 bài lại siêu hit bây giờ,strong,TEAMWORK
Ugz6LCbO16QDwRfU2Gx4AaABAg,A Big và a dương K hợp nhau lắm nói chuyện hiểu ý nhau,A Big,negative,K hợp nhau lắm nói chuyện hiểu ý nhau,moderate,TEAMWORK
Ugz6LCbO16QDwRfU2Gx4AaABAg,A Big và a dương K hợp nhau lắm nói chuyện hiểu ý nhau,a dương,negative,K hợp nhau lắm nói chuyện hiểu ý nhau,moderate,TEAMWORK
Ugz71MgVljd6xaX1SQh4AaABAg,"Đội Quân AP quá giỏi, 10 điểm",Đội Quân AP,positive,quá giỏi,strong,PERFORMANCE
UgzCOxvYnWh0OSv1cAZ4AaABAg.A5DYjdG2lQ1A5IL1nYZ2dN,"Lê Dương Bảo Lâm nói chuyện vô duyên quá ,chương trình nên cho Lê Lâm ngừng xuất hiện thì sẽ hấp dẫn hơn",Lê Dương Bảo Lâm,negative,nói chuyện vô duyên quá,strong,PERSONALITY
UgzCOxvYnWh0OSv1cAZ4AaABAg.A5DYjdG2lQ1A5IL1nYZ2dN,"Lê Dương Bảo Lâm nói chuyện vô duyên quá ,chương trình nên cho Lê Lâm ngừng xuất hiện thì sẽ hấp dẫn hơn",Lê Lâm,negative,chương trình nên cho Lê Lâm ngừng xuất hiện thì sẽ hấp dẫn hơn,strong,GENERAL
UgzTVhSA-czTW3mI35d4AaABAg,"Ryder , mình thấy a Thái nhận xét quá chuẩn . Đây là Rap Việt , em ko rap em chỉ hát",Ryder,negative,"Đây là Rap Việt , em ko rap em chỉ hát",moderate,PERSONALITY
UgzTVhSA-czTW3mI35d4AaABAg,"Ryder , mình thấy a Thái nhận xét quá chuẩn . Đây là Rap Việt , em ko rap em chỉ hát",a Thái,positive,nhận xét quá chuẩn,strong,PERSONALITY
UgzKS-5JAf9IAAqwXAp4AaABAg,"Mik thấy Pháp Kiều rap nhanh thậc sự, tuôn 1 tràng ra nhanh khiếp luôn. Đây là cuộc th rap mà, mik nghĩ Pháp Kiều với Tez cũng rap hay ấy chứ, thấy ng nào hát hay xong cho vô vòng trong ???!! Cuộc thi rap hay hát vậy😒.. Thấy cuộc thi ảo",Pháp Kiều,positive,"rap nhanh thậc sự, tuôn 1 tràng ra nhanh khiếp luôn",strong,PERFORMANCE
UgzKS-5JAf9IAAqwXAp4AaABAg,"Mik thấy Pháp Kiều rap nhanh thậc sự, tuôn 1 tràng ra nhanh khiếp luôn. Đây là cuộc th rap mà, mik nghĩ Pháp Kiều với Tez cũng rap hay ấy chứ, thấy ng nào hát hay xong cho vô vòng trong ???!! Cuộc thi rap hay hát vậy😒.. Thấy cuộc thi ảo",Rap Việt,negative,thấy ng nào hát hay xong cho vô vòng trong ???!! Cuộc thi rap hay hát vậy😒.. Thấy cuộc thi ảo,strong,SHOW_FORMAT
UgzKS-5JAf9IAAqwXAp4AaABAg,"Mik thấy Pháp Kiều rap nhanh thậc sự, tuôn 1 tràng ra nhanh khiếp luôn. Đây là cuộc th rap mà, mik nghĩ Pháp Kiều với Tez cũng rap hay ấy chứ, thấy ng nào hát hay xong cho vô vòng trong ???!! Cuộc thi rap hay hát vậy😒.. Thấy cuộc thi ảo",Tez,positive,Pháp Kiều với Tez cũng rap hay ấy chứ,strong,PERFORMANCE
UgzKS-5JAf9IAAqwXAp4AaABAg,"Mik thấy Pháp Kiều rap nhanh thậc sự, tuôn 1 tràng ra nhanh khiếp luôn. Đây là cuộc th rap mà, mik nghĩ Pháp Kiều với Tez cũng rap hay ấy chứ, thấy ng nào hát hay xong cho vô vòng trong ???!! Cuộc thi rap hay hát vậy😒.. Thấy cuộc thi ảo",Pháp Kiều,positive,Pháp Kiều với Tez cũng rap hay ấy chứ,strong,PERFORMANCE
Ugzx1gjG48ZEjiD_lul4AaABAg,Nhìn mặt thằng tage k ưa nổi,thằng tage,negative,k ưa nổi,strong,PERSONALITY
Ugzse0nxNOrhWjQh_WR4AaABAg,thái vd hay thật mà mấy ông hlv vs bgk nâng bi ghê quá,bgk,negative,mấy ông hlv vs bgk nâng bi ghê quá,strong,SHOW_FORMAT
Ugzse0nxNOrhWjQh_WR4AaABAg,thái vd hay thật mà mấy ông hlv vs bgk nâng bi ghê quá,thái vd,positive,hay thật,strong,GENERAL
Ugzse0nxNOrhWjQh_WR4AaABAg,thái vd hay thật mà mấy ông hlv vs bgk nâng bi ghê quá,hlv,negative,mấy ông hlv vs bgk nâng bi ghê quá,strong,SHOW_FORMAT
UgzbrgmgYYQQT6kFnjJ4AaABAg,"Nói thật là mình thấy kỹ năng của Cad ở vòng 1 không tốt, nhưng qua khả năng dạy dỗ của a Thái em đã tốt lên rõ rệt. Qua phần thi với Vol có thể nói là phần trình diễn rất thuyết phục. Nể phục khả năng của anh Thái. RESPECT",Cad,negative,kỹ năng của Cad ở vòng 1 không tốt,moderate,PERFORMANCE
UgzbrgmgYYQQT6kFnjJ4AaABAg,"Nói thật là mình thấy kỹ năng của Cad ở vòng 1 không tốt, nhưng qua khả năng dạy dỗ của a Thái em đã tốt lên rõ rệt. Qua phần thi với Vol có thể nói là phần trình diễn rất thuyết phục. Nể phục khả năng của anh Thái. RESPECT",Cad,positive,em đã tốt lên rõ rệt,strong,PERFORMANCE
UgzbrgmgYYQQT6kFnjJ4AaABAg,"Nói thật là mình thấy kỹ năng của Cad ở vòng 1 không tốt, nhưng qua khả năng dạy dỗ của a Thái em đã tốt lên rõ rệt. Qua phần thi với Vol có thể nói là phần trình diễn rất thuyết phục. Nể phục khả năng của anh Thái. RESPECT",anh Thái,positive,khả năng dạy dỗ của a Thái em đã tốt lên rõ rệt,strong,PERSONALITY
UgzbrgmgYYQQT6kFnjJ4AaABAg,"Nói thật là mình thấy kỹ năng của Cad ở vòng 1 không tốt, nhưng qua khả năng dạy dỗ của a Thái em đã tốt lên rõ rệt. Qua phần thi với Vol có thể nói là phần trình diễn rất thuyết phục. Nể phục khả năng của anh Thái. RESPECT",Cad,positive,phần trình diễn rất thuyết phục,strong,PERFORMANCE
UgzbrgmgYYQQT6kFnjJ4AaABAg,"Nói thật là mình thấy kỹ năng của Cad ở vòng 1 không tốt, nhưng qua khả năng dạy dỗ của a Thái em đã tốt lên rõ rệt. Qua phần thi với Vol có thể nói là phần trình diễn rất thuyết phục. Nể phục khả năng của anh Thái. RESPECT",Vol,positive,phần trình diễn rất thuyết phục,strong,PERFORMANCE
UgzbrgmgYYQQT6kFnjJ4AaABAg,"Nói thật là mình thấy kỹ năng của Cad ở vòng 1 không tốt, nhưng qua khả năng dạy dỗ của a Thái em đã tốt lên rõ rệt. Qua phần thi với Vol có thể nói là phần trình diễn rất thuyết phục. Nể phục khả năng của anh Thái. RESPECT",anh Thái,positive,Nể phục khả năng của anh Thái. RESPECT,strong,GENERAL
